[{"jid":"15126490397@s.whatsapp.net","xp":18,"level":1},{"jid":"6285641570821@s.whatsapp.net","xp":156,"level":1},{"jid":"6289655478810@s.whatsapp.net","xp":1000002972,"level":99999999},{"jid":"6282387804410@s.whatsapp.net","xp":2840,"level":1},{"jid":"6287720646259@s.whatsapp.net","xp":2796,"level":1},{"jid":"6289669770901@s.whatsapp.net","xp":10,"level":1},{"jid":"6283879516283@s.whatsapp.net","xp":9,"level":1},{"jid":"6285793432434@s.whatsapp.net","xp":322,"level":1},{"jid":"6285706215673@s.whatsapp.net","xp":17,"level":1},{"jid":"6285705198802@s.whatsapp.net","xp":749,"level":1},{"jid":"6289635687240@s.whatsapp.net","xp":196,"level":1},{"jid":"6285157226383@s.whatsapp.net","xp":87,"level":1},{"jid":"6288708038034@s.whatsapp.net","xp":123,"level":1},{"jid":"6283191013191@s.whatsapp.net","xp":57,"level":1},{"jid":"6285752164908@s.whatsapp.net","xp":2,"level":1},{"jid":"62895801181650@s.whatsapp.net","xp":4564,"level":1},{"jid":"6285782026550@s.whatsapp.net","xp":447,"level":1},{"jid":"6283176387577@s.whatsapp.net","xp":5,"level":1},{"jid":"6283143755720@s.whatsapp.net","xp":3,"level":1},{"jid":"6282147334265@s.whatsapp.net","xp":117,"level":1},{"jid":"6285942270884@s.whatsapp.net","xp":336,"level":1},{"jid":"6283177756502@s.whatsapp.net","xp":80,"level":1},{"jid":"62881038322946@s.whatsapp.net","xp":132,"level":1},{"jid":"62878822565810@s.whatsapp.net","xp":1080,"level":1},{"jid":"6283897748188@s.whatsapp.net","xp":549,"level":1},{"jid":"6281901968466@s.whatsapp.net","xp":107,"level":1},{"jid":"6281222478241@s.whatsapp.net","xp":15,"level":1},{"jid":"6283151735939@s.whatsapp.net","xp":1507,"level":1},{"jid":"6289653238445@s.whatsapp.net","xp":50,"level":1},{"jid":"628873735519@s.whatsapp.net","xp":106,"level":1},{"jid":"6281275026019@s.whatsapp.net","xp":40,"level":1},{"jid":"6281563752643@s.whatsapp.net","xp":85,"level":1},{"jid":"6281991303442@s.whatsapp.net","xp":15,"level":1},{"jid":"6283825561154@s.whatsapp.net","xp":26,"level":1},{"jid":"6281803343310@s.whatsapp.net","xp":38,"level":1},{"jid":"6285259622026@s.whatsapp.net","xp":395,"level":1},{"jid":"62895800467869@s.whatsapp.net","xp":22,"level":1},{"jid":"6285524627437@s.whatsapp.net","xp":166,"level":1},{"jid":"62857303430648@s.whatsapp.net","xp":2195,"level":1},{"jid":"6287802560522@s.whatsapp.net","xp":14,"level":1},{"jid":"6281818145764@s.whatsapp.net","xp":1068,"level":1},{"jid":"6287899704530@s.whatsapp.net","xp":143,"level":1},{"jid":"6281649182855@s.whatsapp.net","xp":1156,"level":1},{"jid":"6282269168767@s.whatsapp.net","xp":144,"level":1},{"jid":"6285894301805@s.whatsapp.net","xp":5,"level":1},{"jid":"6285692538042@s.whatsapp.net","xp":21,"level":1},{"jid":"6282392166099@s.whatsapp.net","xp":2929,"level":1},{"jid":"6288226404788@s.whatsapp.net","xp":5,"level":1},{"jid":"6282387711916@s.whatsapp.net","xp":852,"level":1},{"jid":"6287857069212@s.whatsapp.net","xp":46,"level":1},{"jid":"6285710517232@s.whatsapp.net","xp":9,"level":1},{"jid":"6281313709181@s.whatsapp.net","xp":39,"level":1},{"jid":"62822551230810@s.whatsapp.net","xp":1449,"level":1},{"jid":"6282147278662@s.whatsapp.net","xp":2869,"level":1},{"jid":"6282116793460@s.whatsapp.net","xp":390,"level":1},{"jid":"6282198571732@s.whatsapp.net","xp":4339,"level":1},{"jid":"6285647282417@s.whatsapp.net","xp":48,"level":1},{"jid":"62895622957611@s.whatsapp.net","xp":78,"level":1},{"jid":"6281245665467@s.whatsapp.net","xp":2,"level":1},{"jid":"6289636032177@s.whatsapp.net","xp":10,"level":1},{"jid":"6282244000401@s.whatsapp.net","xp":16,"level":1},{"jid":"6289654020788@s.whatsapp.net","xp":15,"level":1},{"jid":"6282286177993@s.whatsapp.net","xp":9,"level":1},{"jid":"6282346903971@s.whatsapp.net","xp":20,"level":1},{"jid":"628983360017@s.whatsapp.net","xp":4,"level":1},{"jid":"6289608679732@s.whatsapp.net","xp":74,"level":1},{"jid":"6285155374146@s.whatsapp.net","xp":52,"level":1},{"jid":"6285714530468@s.whatsapp.net","xp":123,"level":1},{"jid":"6283122266455@s.whatsapp.net","xp":9,"level":1},{"jid":"6281290487285@s.whatsapp.net","xp":6,"level":1},{"jid":"6282271106050@s.whatsapp.net","xp":5,"level":1},{"jid":"6285238576254@s.whatsapp.net","xp":31,"level":1},{"jid":"6283101895956@s.whatsapp.net","xp":48,"level":1},{"jid":"6285709906356@s.whatsapp.net","xp":184,"level":1},{"jid":"6282324860178@s.whatsapp.net","xp":27,"level":1},{"jid":"6289528036110@s.whatsapp.net","xp":28,"level":1},{"jid":"6282134900553@s.whatsapp.net","xp":19,"level":1},{"jid":"6285642654160@s.whatsapp.net","xp":38,"level":1},{"jid":"6289696368960@s.whatsapp.net","xp":8,"level":1},{"jid":"6282280131271@s.whatsapp.net","xp":11,"level":1},{"jid":"6285876154630@s.whatsapp.net","xp":236,"level":1},{"jid":"6289530834523@s.whatsapp.net","xp":5,"level":1},{"jid":"6281353297672@s.whatsapp.net","xp":8,"level":1},{"jid":"6281910239204@s.whatsapp.net","xp":760,"level":1},{"jid":"6288216046235@s.whatsapp.net","xp":18,"level":1},{"jid":"6283801122315@s.whatsapp.net","xp":118,"level":1},{"jid":"12566854511@s.whatsapp.net","xp":283,"level":1},{"jid":"6281229488729@s.whatsapp.net","xp":126,"level":1},{"jid":"6288219894259@s.whatsapp.net","xp":24,"level":1},{"jid":"6281539336834@s.whatsapp.net","xp":177,"level":1},{"jid":"6283841425769@s.whatsapp.net","xp":9,"level":1},{"jid":"6281219700198@s.whatsapp.net","xp":191,"level":1},{"jid":"6287829458619@s.whatsapp.net","xp":145,"level":1},{"jid":"6287838824239@s.whatsapp.net","xp":8,"level":1},{"jid":"62813985058246@s.whatsapp.net","xp":11,"level":1},{"jid":"6285607588713@s.whatsapp.net","xp":7,"level":1},{"jid":"6289616176161@s.whatsapp.net","xp":36,"level":1},{"jid":"6283837380641@s.whatsapp.net","xp":58,"level":1},{"jid":"6285643833474@s.whatsapp.net","xp":9,"level":1},{"jid":"6285717812568@s.whatsapp.net","xp":11,"level":1},{"jid":"6285807107404@s.whatsapp.net","xp":890,"level":1},{"jid":"62895392992010@s.whatsapp.net","xp":22,"level":1},{"jid":"6288213506264@s.whatsapp.net","xp":19,"level":1},{"jid":"6289524596250@s.whatsapp.net","xp":67,"level":1},{"jid":"628984595271@s.whatsapp.net","xp":63,"level":1},{"jid":"6282125986924@s.whatsapp.net","xp":23,"level":1},{"jid":"62895324971405@s.whatsapp.net","xp":64,"level":1},{"jid":"6282198248759@s.whatsapp.net","xp":8,"level":1},{"jid":"62895619678228@s.whatsapp.net","xp":6,"level":1},{"jid":"6287826494206@s.whatsapp.net","xp":6,"level":1},{"jid":"6281239285110@s.whatsapp.net","xp":28,"level":1},{"jid":"60105148042@s.whatsapp.net","xp":28,"level":1},{"jid":"6285607396570@s.whatsapp.net","xp":51,"level":1},{"jid":"6285229715011@s.whatsapp.net","xp":95,"level":1},{"jid":"6288245621406@s.whatsapp.net","xp":186,"level":1},{"jid":"6287820297900@s.whatsapp.net","xp":2,"level":1},{"jid":"6282135016180@s.whatsapp.net","xp":9,"level":1},{"jid":"6285651098691@s.whatsapp.net","xp":9,"level":1},{"jid":"6282154045811@s.whatsapp.net","xp":4,"level":1},{"jid":"62895331462155@s.whatsapp.net","xp":125,"level":1},{"jid":"628993595827@s.whatsapp.net","xp":24,"level":1},{"jid":"6281911581615@s.whatsapp.net","xp":3,"level":1},{"jid":"6287882558434@s.whatsapp.net","xp":88,"level":1},{"jid":"6281215199447@s.whatsapp.net","xp":110,"level":1},{"jid":"17729465275@s.whatsapp.net","xp":69,"level":1},{"jid":"601131250463@s.whatsapp.net","xp":115,"level":1},{"jid":"6281558016717@s.whatsapp.net","xp":5,"level":1},{"jid":"6287871784952@s.whatsapp.net","xp":8,"level":1},{"jid":"5219934294699@s.whatsapp.net","xp":4,"level":1},{"jid":"6283157657741@s.whatsapp.net","xp":44,"level":1},{"jid":"6288258298467@s.whatsapp.net","xp":43,"level":1},{"jid":"6283146588359@s.whatsapp.net","xp":4,"level":1},{"jid":"6281617558500@s.whatsapp.net","xp":65,"level":1},{"jid":"62895640367456@s.whatsapp.net","xp":3,"level":1},{"jid":"62895636761912@s.whatsapp.net","xp":483,"level":1},{"jid":"6282350181932@s.whatsapp.net","xp":2,"level":1},{"jid":"6282155498976@s.whatsapp.net","xp":19,"level":1},{"jid":"6281254780514@s.whatsapp.net","xp":5,"level":1},{"jid":"6281288326069@s.whatsapp.net","xp":3,"level":1},{"jid":"6283866874057@s.whatsapp.net","xp":234,"level":1},{"jid":"6285717477268@s.whatsapp.net","xp":69,"level":1},{"jid":"62895321849394@s.whatsapp.net","xp":10,"level":1},{"jid":"6285646013364@s.whatsapp.net","xp":25,"level":1},{"jid":"6285706642632@s.whatsapp.net","xp":70,"level":1},{"jid":"6285708584379@s.whatsapp.net","xp":8,"level":1},{"jid":"6282152110607@s.whatsapp.net","xp":107,"level":1},{"jid":"6285752761612@s.whatsapp.net","xp":19,"level":1},{"jid":"6289514572786@s.whatsapp.net","xp":11,"level":1},{"jid":"6283899273652@s.whatsapp.net","xp":18,"level":1},{"jid":"628998670101@s.whatsapp.net","xp":20,"level":1},{"jid":"6285333010384@s.whatsapp.net","xp":4,"level":1},{"jid":"6281385823695@s.whatsapp.net","xp":40,"level":1},{"jid":"6283141556351@s.whatsapp.net","xp":10,"level":1},{"jid":"6288224133925@s.whatsapp.net","xp":8,"level":1},{"jid":"6282157581762@s.whatsapp.net","xp":53,"level":1},{"jid":"6285292858705@s.whatsapp.net","xp":16,"level":1},{"jid":"6289686869540@s.whatsapp.net","xp":18,"level":1},{"jid":"62895639082345@s.whatsapp.net","xp":106,"level":1},{"jid":"6283133741368@s.whatsapp.net","xp":143,"level":1},{"jid":"62895383261793@s.whatsapp.net","xp":28,"level":1},{"jid":"6283121761811@s.whatsapp.net","xp":7,"level":1},{"jid":"6287770441148@s.whatsapp.net","xp":2,"level":1},{"jid":"6285607284651@s.whatsapp.net","xp":79,"level":1},{"jid":"6283871939250@s.whatsapp.net","xp":2,"level":1},{"jid":"15878718428@s.whatsapp.net","xp":30,"level":1},{"jid":"6285156009479@s.whatsapp.net","xp":3,"level":1},{"jid":"6281281644858@s.whatsapp.net","xp":16,"level":1},{"jid":"6288271899842@s.whatsapp.net","xp":51,"level":1},{"jid":"6285654129613@s.whatsapp.net","xp":7,"level":1},{"jid":"6282158031569@s.whatsapp.net","xp":3,"level":1},{"jid":"628986627885@s.whatsapp.net","xp":2,"level":1},{"jid":"6285790784469@s.whatsapp.net","xp":3,"level":1},{"jid":"6281949349477@s.whatsapp.net","xp":18,"level":1},{"jid":"6282339202133@s.whatsapp.net","xp":5,"level":1},{"jid":"6281365957849@s.whatsapp.net","xp":11,"level":1},{"jid":"6281296928664@s.whatsapp.net","xp":7,"level":1},{"jid":"62895412967787@s.whatsapp.net","xp":25,"level":1},{"jid":"6283805781772@s.whatsapp.net","xp":27,"level":1},{"jid":"6283804294417@s.whatsapp.net","xp":10,"level":1},{"jid":"6285559240360@s.whatsapp.net","xp":20,"level":1},{"jid":"6283153448697@s.whatsapp.net","xp":32,"level":1},{"jid":"6283144755062@s.whatsapp.net","xp":206,"level":1},{"jid":"6285700123669@s.whatsapp.net","xp":2,"level":1},{"jid":"6282233046766@s.whatsapp.net","xp":5,"level":1},{"jid":"6281913948958@s.whatsapp.net","xp":26,"level":1},{"jid":"6281252952362@s.whatsapp.net","xp":9,"level":1},{"jid":"6281261664016@s.whatsapp.net","xp":5,"level":1},{"jid":"60167954171@s.whatsapp.net","xp":4,"level":1},{"jid":"6281351819681@s.whatsapp.net","xp":10,"level":1},{"jid":"6289507820152@s.whatsapp.net","xp":19,"level":1},{"jid":"6289646700438@s.whatsapp.net","xp":2,"level":1},{"jid":"6283148084182@s.whatsapp.net","xp":3,"level":1},{"jid":"6287821623289@s.whatsapp.net","xp":105,"level":1},{"jid":"19709000331@s.whatsapp.net","xp":62,"level":1},{"jid":"6288216157031@s.whatsapp.net","xp":6,"level":1},{"jid":"6282116821542@s.whatsapp.net","xp":143,"level":1},{"jid":"6285293654092@s.whatsapp.net","xp":10,"level":1},{"jid":"6289502842758@s.whatsapp.net","xp":5,"level":1},{"jid":"62895336109020@s.whatsapp.net","xp":15,"level":1},{"jid":"6282133460547@s.whatsapp.net","xp":8,"level":1},{"jid":"628990911211@s.whatsapp.net","xp":26,"level":1},{"jid":"6285659553847@s.whatsapp.net","xp":20,"level":1},{"jid":"6283122345218@s.whatsapp.net","xp":6,"level":1},{"jid":"6288215265458@s.whatsapp.net","xp":65,"level":1},{"jid":"6289514942829@s.whatsapp.net","xp":9,"level":1},{"jid":"62895422965388@s.whatsapp.net","xp":104,"level":1},{"jid":"6285641129684@s.whatsapp.net","xp":2,"level":1},{"jid":"6285795096204@s.whatsapp.net","xp":39,"level":1},{"jid":"62895353408899@s.whatsapp.net","xp":6,"level":1},{"jid":"628553239174@s.whatsapp.net","xp":4,"level":1},{"jid":"62895703069811@s.whatsapp.net","xp":10,"level":1},{"jid":"6281271788259@s.whatsapp.net","xp":20,"level":1},{"jid":"6285348667536@s.whatsapp.net","xp":16,"level":1},{"jid":"62895386497475@s.whatsapp.net","xp":20,"level":1},{"jid":"62823864778551@s.whatsapp.net","xp":44,"level":1},{"jid":"6285876052356@s.whatsapp.net","xp":41,"level":1},{"jid":"6289613022069@s.whatsapp.net","xp":8,"level":1},{"jid":"6285386639707@s.whatsapp.net","xp":19,"level":1},{"jid":"6289623701133@s.whatsapp.net","xp":33,"level":1},{"jid":"6281253276726@s.whatsapp.net","xp":24,"level":1},{"jid":"6282223014661@s.whatsapp.net","xp":4,"level":1},{"jid":"6285743448466@s.whatsapp.net","xp":41,"level":1},{"jid":"6289518020117@s.whatsapp.net","xp":21,"level":1},{"jid":"6283814941972@s.whatsapp.net","xp":6,"level":1},{"jid":"6289608322556@s.whatsapp.net","xp":27,"level":1},{"jid":"628889105518@s.whatsapp.net","xp":5,"level":1},{"jid":"17793039369@s.whatsapp.net","xp":19,"level":1},{"jid":"6283851902588@s.whatsapp.net","xp":2,"level":1},{"jid":"628816344806@s.whatsapp.net","xp":9,"level":1},{"jid":"6282332037571@s.whatsapp.net","xp":17,"level":1},{"jid":"6285242683053@s.whatsapp.net","xp":21,"level":1},{"jid":"6281515874128@s.whatsapp.net","xp":11,"level":1},{"jid":"6281250003457@s.whatsapp.net","xp":7,"level":1},{"jid":"6285705942085@s.whatsapp.net","xp":4,"level":1},{"jid":"628885093357@s.whatsapp.net","xp":9,"level":1},{"jid":"919727185962@s.whatsapp.net","xp":5,"level":1},{"jid":"6289525883522@s.whatsapp.net","xp":3,"level":1},{"jid":"6285747479082@s.whatsapp.net","xp":237,"level":1},{"jid":"6282372324441@s.whatsapp.net","xp":281,"level":1},{"jid":"6288260350121@s.whatsapp.net","xp":13,"level":1},{"jid":"6282116891024@s.whatsapp.net","xp":121,"level":1},{"jid":"6285315571674@s.whatsapp.net","xp":86,"level":1},{"jid":"6283182210159@s.whatsapp.net","xp":68,"level":1},{"jid":"6283853004801@s.whatsapp.net","xp":490,"level":1},{"jid":"6287736702685@s.whatsapp.net","xp":388,"level":1},{"jid":"6289616685498@s.whatsapp.net","xp":13,"level":1},{"jid":"6281217000717@s.whatsapp.net","xp":6,"level":1},{"jid":"6283102650464@s.whatsapp.net","xp":691,"level":1},{"jid":"6289513964238@s.whatsapp.net","xp":8,"level":1},{"jid":"6289649480997@s.whatsapp.net","xp":373,"level":1},{"jid":"919744282016@s.whatsapp.net","xp":10,"level":1},{"jid":"6282334297175@s.whatsapp.net","xp":1043,"level":1},{"jid":"6288801567776@s.whatsapp.net","xp":5,"level":1},{"jid":"6285157661229@s.whatsapp.net","xp":55,"level":1},{"jid":"62895622416170@s.whatsapp.net","xp":168,"level":1},{"jid":"6282326138144@s.whatsapp.net","xp":47,"level":1},{"jid":"6282326090809@s.whatsapp.net","xp":14,"level":1},{"jid":"6285904374463@s.whatsapp.net","xp":17,"level":1},{"jid":"919920135255@s.whatsapp.net","xp":29,"level":1},{"jid":"6282134987747@s.whatsapp.net","xp":136,"level":1},{"jid":"628993124998@s.whatsapp.net","xp":11,"level":1},{"jid":"6283890100362@s.whatsapp.net","xp":84,"level":1},{"jid":"6285875281539@s.whatsapp.net","xp":17,"level":1},{"jid":"6282165260138@s.whatsapp.net","xp":4,"level":1},{"jid":"6281389943338@s.whatsapp.net","xp":69,"level":1},{"jid":"6282259527011@s.whatsapp.net","xp":76,"level":1},{"jid":"6289678437157@s.whatsapp.net","xp":307,"level":1},{"jid":"6281615901727@s.whatsapp.net","xp":355,"level":1},{"jid":"62895321046065@s.whatsapp.net","xp":7,"level":1},{"jid":"6285839347826@s.whatsapp.net","xp":439,"level":1},{"jid":"6283893218033@s.whatsapp.net","xp":63,"level":1},{"jid":"6282190822302@s.whatsapp.net","xp":72,"level":1},{"jid":"6281632138901@s.whatsapp.net","xp":44,"level":1},{"jid":"6281319297338@s.whatsapp.net","xp":6,"level":1},{"jid":"6287724880504@s.whatsapp.net","xp":14,"level":1},{"jid":"6282116827246@s.whatsapp.net","xp":62,"level":1},{"jid":"6282131000143@s.whatsapp.net","xp":45,"level":1},{"jid":"6287821505382@s.whatsapp.net","xp":774,"level":1},{"jid":"6283140367172@s.whatsapp.net","xp":18,"level":1},{"jid":"6288215738331@s.whatsapp.net","xp":11,"level":1},{"jid":"6287877095061@s.whatsapp.net","xp":24,"level":1},{"jid":"6282334662574@s.whatsapp.net","xp":5,"level":1},{"jid":"6283152488835@s.whatsapp.net","xp":34,"level":1},{"jid":"6281999988530@s.whatsapp.net","xp":172,"level":1},{"jid":"6285890167779@s.whatsapp.net","xp":405,"level":1},{"jid":"6285693249611@s.whatsapp.net","xp":3,"level":1},{"jid":"62895110091967@s.whatsapp.net","xp":41,"level":1},{"jid":"6285234065668@s.whatsapp.net","xp":12,"level":1},{"jid":"6281378676177@s.whatsapp.net","xp":101,"level":1},{"jid":"6285624893448@s.whatsapp.net","xp":34,"level":1},{"jid":"6285772977350@s.whatsapp.net","xp":45,"level":1},{"jid":"6289630898630@s.whatsapp.net","xp":6,"level":1},{"jid":"6281320061996@s.whatsapp.net","xp":3,"level":1},{"jid":"62895701275670@s.whatsapp.net","xp":26,"level":1},{"jid":"6288742689173@s.whatsapp.net","xp":7,"level":1},{"jid":"6285220816737@s.whatsapp.net","xp":51,"level":1},{"jid":"628989210843@s.whatsapp.net","xp":116,"level":1},{"jid":"6285233236672@s.whatsapp.net","xp":21,"level":1},{"jid":"6285232176093@s.whatsapp.net","xp":90,"level":1},{"jid":"62814622392081@s.whatsapp.net","xp":78,"level":1},{"jid":"6282247357844@s.whatsapp.net","xp":7,"level":1},{"jid":"6285767857591@s.whatsapp.net","xp":6,"level":1},{"jid":"6281283298509@s.whatsapp.net","xp":2,"level":1},{"jid":"6285765099381@s.whatsapp.net","xp":59,"level":1},{"jid":"6281284753410@s.whatsapp.net","xp":32,"level":1},{"jid":"6287814691080@s.whatsapp.net","xp":227,"level":1},{"jid":"6289515902666@s.whatsapp.net","xp":143,"level":1},{"jid":"6282292427468@s.whatsapp.net","xp":3,"level":1},{"jid":"6281919178226@s.whatsapp.net","xp":226,"level":1},{"jid":"6288290272656@s.whatsapp.net","xp":91,"level":1},{"jid":"6285235765557@s.whatsapp.net","xp":25,"level":1},{"jid":"6285777064675@s.whatsapp.net","xp":18,"level":1},{"jid":"6281278541550@s.whatsapp.net","xp":10,"level":1},{"jid":"6283187817379@s.whatsapp.net","xp":84,"level":1},{"jid":"6282228633973@s.whatsapp.net","xp":46,"level":1},{"jid":"6289610926441@s.whatsapp.net","xp":21,"level":1},{"jid":"6282158931248@s.whatsapp.net","xp":4,"level":1},{"jid":"6285823652687@s.whatsapp.net","xp":9,"level":1},{"jid":"6289522106108@s.whatsapp.net","xp":4,"level":1},{"jid":"6281271459711@s.whatsapp.net","xp":3,"level":1},{"jid":"6289526466247@s.whatsapp.net","xp":92,"level":1},{"jid":"919615325847@s.whatsapp.net","xp":2,"level":1},{"jid":"6281229543213@s.whatsapp.net","xp":2,"level":1},{"jid":"6287742780448@s.whatsapp.net","xp":149,"level":1},{"jid":"6285892617458@s.whatsapp.net","xp":2,"level":1},{"jid":"6285864556154@s.whatsapp.net","xp":3,"level":1},{"jid":"6283169407799@s.whatsapp.net","xp":39,"level":1},{"jid":"62895321147771@s.whatsapp.net","xp":43,"level":1},{"jid":"6281286080863@s.whatsapp.net","xp":27,"level":1},{"jid":"601153338091@s.whatsapp.net","xp":4,"level":1},{"jid":"6281227469047@s.whatsapp.net","xp":12,"level":1},{"jid":"6285803127381@s.whatsapp.net","xp":28,"level":1},{"jid":"6283870417865@s.whatsapp.net","xp":6,"level":1},{"jid":"6285355499568@s.whatsapp.net","xp":67,"level":1},{"jid":"62895608190030@s.whatsapp.net","xp":13,"level":1},{"jid":"19104778777@s.whatsapp.net","xp":180,"level":1},{"jid":"6285839188667@s.whatsapp.net","xp":21,"level":1},{"jid":"6289509938750@s.whatsapp.net","xp":33,"level":1},{"jid":"628886040001@s.whatsapp.net","xp":5,"level":1},{"jid":"6282283456523@s.whatsapp.net","xp":487,"level":1},{"jid":"6285855263991@s.whatsapp.net","xp":5,"level":1},{"jid":"6283143567930@s.whatsapp.net","xp":55,"level":1},{"jid":"6287781057548@s.whatsapp.net","xp":63,"level":1},{"jid":"18774173458@s.whatsapp.net","xp":248,"level":1},{"jid":"6283896147683@s.whatsapp.net","xp":383,"level":1},{"jid":"6285803650683@s.whatsapp.net","xp":18,"level":1},{"jid":"6281235786184@s.whatsapp.net","xp":635,"level":1},{"jid":"6285821433579@s.whatsapp.net","xp":30,"level":1},{"jid":"6285755375996@s.whatsapp.net","xp":122,"level":1},{"jid":"6281365596834@s.whatsapp.net","xp":4,"level":1},{"jid":"6285256462264@s.whatsapp.net","xp":15,"level":1},{"jid":"6289630757910@s.whatsapp.net","xp":29,"level":1},{"jid":"6287722709327@s.whatsapp.net","xp":13,"level":1},{"jid":"6285591654034@s.whatsapp.net","xp":11,"level":1},{"jid":"60187848971@s.whatsapp.net","xp":37,"level":1},{"jid":"6289698876777@s.whatsapp.net","xp":206,"level":1},{"jid":"6281327357790@s.whatsapp.net","xp":16,"level":1},{"jid":"6283142498604@s.whatsapp.net","xp":11,"level":1},{"jid":"6282278560310@s.whatsapp.net","xp":6,"level":1},{"jid":"62895331094162@s.whatsapp.net","xp":8,"level":1},{"jid":"6281225093647@s.whatsapp.net","xp":15,"level":1},{"jid":"6282351659690@s.whatsapp.net","xp":5,"level":1},{"jid":"6288213587968@s.whatsapp.net","xp":4,"level":1},{"jid":"62895710990202@s.whatsapp.net","xp":10,"level":1},{"jid":"6285718084553@s.whatsapp.net","xp":11,"level":1},{"jid":"6282146881581@s.whatsapp.net","xp":81,"level":1},{"jid":"6283150534902@s.whatsapp.net","xp":1770,"level":1},{"jid":"6281335313497@s.whatsapp.net","xp":2,"level":1},{"jid":"6283844623160@s.whatsapp.net","xp":106,"level":1},{"jid":"6285242729919@s.whatsapp.net","xp":111,"level":1},{"jid":"6288808265541@s.whatsapp.net","xp":3,"level":1},{"jid":"6282164727331@s.whatsapp.net","xp":9,"level":1},{"jid":"62895610025866@s.whatsapp.net","xp":6,"level":1},{"jid":"6285156456036@s.whatsapp.net","xp":2803,"level":1},{"jid":"6285713747042@s.whatsapp.net","xp":30,"level":1},{"jid":"6283816113178@s.whatsapp.net","xp":21,"level":1},{"jid":"6282113999469@s.whatsapp.net","xp":17,"level":1},{"jid":"6285768966412@s.whatsapp.net","xp":71,"level":1},{"jid":"6287716068937@s.whatsapp.net","xp":32,"level":1},{"jid":"6285255170981@s.whatsapp.net","xp":114,"level":1},{"jid":"6282247141981@s.whatsapp.net","xp":39,"level":1},{"jid":"6285766853909@s.whatsapp.net","xp":7,"level":1},{"jid":"6281236478577@s.whatsapp.net","xp":24,"level":1},{"jid":"62895384100776@s.whatsapp.net","xp":22,"level":1},{"jid":"62881024716977@s.whatsapp.net","xp":6,"level":1},{"jid":"6282286255026@s.whatsapp.net","xp":10,"level":1},{"jid":"6281268585315@s.whatsapp.net","xp":10,"level":1},{"jid":"6281958326792@s.whatsapp.net","xp":13,"level":1},{"jid":"6289693338967@s.whatsapp.net","xp":24,"level":1},{"jid":"62895630992683@s.whatsapp.net","xp":29,"level":1},{"jid":"6282110901083@s.whatsapp.net","xp":3,"level":1},{"jid":"6282391076152@s.whatsapp.net","xp":69,"level":1},{"jid":"6281231266299@s.whatsapp.net","xp":17,"level":1},{"jid":"6285751543641@s.whatsapp.net","xp":9,"level":1},{"jid":"628974816445@s.whatsapp.net","xp":337,"level":1},{"jid":"6288215422934@s.whatsapp.net","xp":3,"level":1},{"jid":"6289690855106@s.whatsapp.net","xp":24,"level":1},{"jid":"6281359258981@s.whatsapp.net","xp":20,"level":1},{"jid":"6288245307274@s.whatsapp.net","xp":15,"level":1},{"jid":"6285246426889@s.whatsapp.net","xp":21,"level":1},{"jid":"6285879453803@s.whatsapp.net","xp":5,"level":1},{"jid":"628882286794@s.whatsapp.net","xp":183,"level":1},{"jid":"60138501458@s.whatsapp.net","xp":4,"level":1},{"jid":"628884129594@s.whatsapp.net","xp":12,"level":1},{"jid":"6283150096808@s.whatsapp.net","xp":4,"level":1},{"jid":"6283891920330@s.whatsapp.net","xp":46,"level":1},{"jid":"12542123926@s.whatsapp.net","xp":4,"level":1},{"jid":"6289507483868@s.whatsapp.net","xp":5,"level":1},{"jid":"6287813107837@s.whatsapp.net","xp":6,"level":1},{"jid":"628882130761@s.whatsapp.net","xp":11,"level":1},{"jid":"6282269473724@s.whatsapp.net","xp":7,"level":1},{"jid":"62895365530199@s.whatsapp.net","xp":61,"level":1},{"jid":"6285832386985@s.whatsapp.net","xp":2,"level":1},{"jid":"6285156894702@s.whatsapp.net","xp":550,"level":1},{"jid":"6281396415271@s.whatsapp.net","xp":9,"level":1},{"jid":"601125755359@s.whatsapp.net","xp":9,"level":1},{"jid":"6289517818406@s.whatsapp.net","xp":19,"level":1},{"jid":"6282283313232@s.whatsapp.net","xp":4,"level":1},{"jid":"6289527064412@s.whatsapp.net","xp":129,"level":1},{"jid":"6285156347989@s.whatsapp.net","xp":47,"level":1},{"jid":"6281342216378@s.whatsapp.net","xp":5,"level":1},{"jid":"6281290014858@s.whatsapp.net","xp":37,"level":1},{"jid":"6282247285124@s.whatsapp.net","xp":10,"level":1},{"jid":"62895392694903@s.whatsapp.net","xp":6,"level":1},{"jid":"6285893688431@s.whatsapp.net","xp":5,"level":1},{"jid":"6281397767558@s.whatsapp.net","xp":67,"level":1},{"jid":"62895391338529@s.whatsapp.net","xp":5,"level":1},{"jid":"6281359178305@s.whatsapp.net","xp":30,"level":1},{"jid":"12014944263@s.whatsapp.net","xp":36,"level":1},{"jid":"6285211257135@s.whatsapp.net","xp":26,"level":1},{"jid":"6289689134424@s.whatsapp.net","xp":2775,"level":1},{"jid":"6287845283218@s.whatsapp.net","xp":2070,"level":1},{"jid":"628115700045@s.whatsapp.net","xp":26,"level":1},{"jid":"6289693744690@s.whatsapp.net","xp":2113,"level":1},{"jid":"6281253386218@s.whatsapp.net","xp":2561,"level":1},{"jid":"994407188549@s.whatsapp.net","xp":7,"level":1},{"jid":"6281241468934@s.whatsapp.net","xp":10,"level":1},{"jid":"6281254638288@s.whatsapp.net","xp":58,"level":1},{"jid":"6289697581271@s.whatsapp.net","xp":6,"level":1},{"jid":"6285337624383@s.whatsapp.net","xp":18,"level":1},{"jid":"6285275025433@s.whatsapp.net","xp":25,"level":1},{"jid":"6288299478773@s.whatsapp.net","xp":48,"level":1},{"jid":"6281325464867@s.whatsapp.net","xp":4,"level":1},{"jid":"6285253676501@s.whatsapp.net","xp":12,"level":1},{"jid":"6281331913791@s.whatsapp.net","xp":20,"level":1},{"jid":"6289515576937@s.whatsapp.net","xp":7,"level":1},{"jid":"62853649370060@s.whatsapp.net","xp":29,"level":1},{"jid":"62895609722485@s.whatsapp.net","xp":138,"level":1},{"jid":"6282151078558@s.whatsapp.net","xp":602,"level":1},{"jid":"6282150596416@s.whatsapp.net","xp":236,"level":1},{"jid":"6283142280042@s.whatsapp.net","xp":22,"level":1},{"jid":"6285732936903@s.whatsapp.net","xp":55,"level":1},{"jid":"6281283463142@s.whatsapp.net","xp":148,"level":1},{"jid":"6283179151299@s.whatsapp.net","xp":4,"level":1},{"jid":"6283867509775@s.whatsapp.net","xp":18,"level":1},{"jid":"6287819962953@s.whatsapp.net","xp":1612,"level":1},{"jid":"6282150864580@s.whatsapp.net","xp":7,"level":1},{"jid":"6285753424217@s.whatsapp.net","xp":1354,"level":1},{"jid":"6283129120853@s.whatsapp.net","xp":24,"level":1},{"jid":"6281395908381@s.whatsapp.net","xp":553,"level":1},{"jid":"6289649615892@s.whatsapp.net","xp":17,"level":1},{"jid":"6288235234163@s.whatsapp.net","xp":24,"level":1},{"jid":"6282113064829@s.whatsapp.net","xp":53,"level":1},{"jid":"6289510602251@s.whatsapp.net","xp":54,"level":1},{"jid":"6281251664043@s.whatsapp.net","xp":54,"level":1},{"jid":"6281222832809@s.whatsapp.net","xp":161,"level":1},{"jid":"62887435427063@s.whatsapp.net","xp":51,"level":1},{"jid":"6285264925738@s.whatsapp.net","xp":3,"level":1},{"jid":"628872345158@s.whatsapp.net","xp":8,"level":1},{"jid":"6285210567460@s.whatsapp.net","xp":326,"level":1},{"jid":"6282139681033@s.whatsapp.net","xp":76,"level":1},{"jid":"6287855259030@s.whatsapp.net","xp":76,"level":1},{"jid":"6287803462578@s.whatsapp.net","xp":24,"level":1},{"jid":"6287769120509@s.whatsapp.net","xp":488,"level":1},{"jid":"62859159855563@s.whatsapp.net","xp":3,"level":1},{"jid":"6289506252902@s.whatsapp.net","xp":72,"level":1},{"jid":"6281292904306@s.whatsapp.net","xp":8,"level":1},{"jid":"6283152753417@s.whatsapp.net","xp":890,"level":1},{"jid":"6281998306621@s.whatsapp.net","xp":9,"level":1},{"jid":"6282384466381@s.whatsapp.net","xp":36,"level":1},{"jid":"6289629348884@s.whatsapp.net","xp":29,"level":1},{"jid":"6282390229012@s.whatsapp.net","xp":9,"level":1},{"jid":"6281292834748@s.whatsapp.net","xp":272,"level":1},{"jid":"6282130275731@s.whatsapp.net","xp":24,"level":1},{"jid":"6285664904501@s.whatsapp.net","xp":3,"level":1},{"jid":"6282278428637@s.whatsapp.net","xp":9,"level":1},{"jid":"6288228314629@s.whatsapp.net","xp":7,"level":1},{"jid":"6289653807706@s.whatsapp.net","xp":4,"level":1},{"jid":"6283176270113@s.whatsapp.net","xp":29,"level":1},{"jid":"628979682775@s.whatsapp.net","xp":2,"level":1},{"jid":"6283804138387@s.whatsapp.net","xp":4,"level":1},{"jid":"6285259152463@s.whatsapp.net","xp":5,"level":1},{"jid":"6281220951879@s.whatsapp.net","xp":173,"level":1},{"jid":"6287888707011@s.whatsapp.net","xp":15,"level":1},{"jid":"","xp":18,"level":1},{"jid":"12134711770@s.whatsapp.net","xp":11,"level":1},{"jid":"994406917518@s.whatsapp.net","xp":36,"level":1},{"jid":"6285782271885@s.whatsapp.net","xp":61,"level":1},{"jid":"628815597226@s.whatsapp.net","xp":5,"level":1},{"jid":"6283120092945@s.whatsapp.net","xp":5,"level":1},{"jid":"6283159310440@s.whatsapp.net","xp":19,"level":1},{"jid":"6283189984092@s.whatsapp.net","xp":2544,"level":1},{"jid":"6287878773257@s.whatsapp.net","xp":375,"level":1},{"jid":"6285869080563@s.whatsapp.net","xp":37,"level":1},{"jid":"6289514341694@s.whatsapp.net","xp":2,"level":1},{"jid":"6282163780008@s.whatsapp.net","xp":936,"level":1},{"jid":"6282268427160@s.whatsapp.net","xp":44,"level":1},{"jid":"62895321017862@s.whatsapp.net","xp":7,"level":1},{"jid":"6283150035890@s.whatsapp.net","xp":14,"level":1},{"jid":"6282187141052@s.whatsapp.net","xp":944,"level":1},{"jid":"6287783249480@s.whatsapp.net","xp":829,"level":1},{"jid":"6281649312695@s.whatsapp.net","xp":42,"level":1},{"jid":"6282292744714@s.whatsapp.net","xp":601,"level":1},{"jid":"6285717026352@s.whatsapp.net","xp":993,"level":1},{"jid":"6285741780497@s.whatsapp.net","xp":614,"level":1},{"jid":"6281368235618@s.whatsapp.net","xp":508,"level":1},{"jid":"6288224262287@s.whatsapp.net","xp":77,"level":1},{"jid":"6289692036385@s.whatsapp.net","xp":21,"level":1},{"jid":"6282121594992@s.whatsapp.net","xp":1798,"level":1},{"jid":"6285256974112@s.whatsapp.net","xp":36,"level":1},{"jid":"6283152705101@s.whatsapp.net","xp":76,"level":1},{"jid":"6287712413307@s.whatsapp.net","xp":543,"level":1},{"jid":"6289508346470@s.whatsapp.net","xp":5,"level":1},{"jid":"6288218347768@s.whatsapp.net","xp":6,"level":1},{"jid":"6285867274453@s.whatsapp.net","xp":5,"level":1},{"jid":"6282137267074@s.whatsapp.net","xp":66,"level":1},{"jid":"6281254679326@s.whatsapp.net","xp":3248,"level":1},{"jid":"6282336446370@s.whatsapp.net","xp":131,"level":1},{"jid":"6281289659306@s.whatsapp.net","xp":3447,"level":1},{"jid":"6281225395730@s.whatsapp.net","xp":81,"level":1},{"jid":"6282265419387@s.whatsapp.net","xp":409,"level":1},{"jid":"6285730343064@s.whatsapp.net","xp":773,"level":1},{"jid":"62895377004703@s.whatsapp.net","xp":201,"level":1},{"jid":"6285271588044@s.whatsapp.net","xp":133,"level":1},{"jid":"6285787750231@s.whatsapp.net","xp":47,"level":1},{"jid":"6281292971490@s.whatsapp.net","xp":473,"level":1},{"jid":"62895335785373@s.whatsapp.net","xp":1063,"level":1},{"jid":"6287888040157@s.whatsapp.net","xp":4,"level":1},{"jid":"6288267071806@s.whatsapp.net","xp":207,"level":1},{"jid":"6282331314839@s.whatsapp.net","xp":38,"level":1},{"jid":"60163978490@s.whatsapp.net","xp":385,"level":1},{"jid":"6282349107743@s.whatsapp.net","xp":286,"level":1},{"jid":"6283831745506@s.whatsapp.net","xp":3,"level":1},{"jid":"6281290264256@s.whatsapp.net","xp":159,"level":1},{"jid":"18485653174@s.whatsapp.net","xp":441,"level":1},{"jid":"6281223818994@s.whatsapp.net","xp":4,"level":1},{"jid":"62895612333614@s.whatsapp.net","xp":12,"level":1},{"jid":"6289681860129@s.whatsapp.net","xp":78,"level":1},{"jid":"6281391355894@s.whatsapp.net","xp":940,"level":1},{"jid":"6281341756928@s.whatsapp.net","xp":100,"level":1},{"jid":"6287743285558@s.whatsapp.net","xp":9,"level":1},{"jid":"6285523781140@s.whatsapp.net","xp":3,"level":1},{"jid":"6282211177020@s.whatsapp.net","xp":3605,"level":1},{"jid":"6282137750982@s.whatsapp.net","xp":31,"level":1},{"jid":"6282351790900@s.whatsapp.net","xp":11,"level":1},{"jid":"6282284803349@s.whatsapp.net","xp":419,"level":1},{"jid":"62895335480701@s.whatsapp.net","xp":9,"level":1},{"jid":"6289635565781@s.whatsapp.net","xp":241,"level":1},{"jid":"6283862189439@s.whatsapp.net","xp":80,"level":1},{"jid":"6283805221431@s.whatsapp.net","xp":45,"level":1},{"jid":"6287854955390@s.whatsapp.net","xp":550,"level":1},{"jid":"6282236500813@s.whatsapp.net","xp":24,"level":1},{"jid":"6281377444530@s.whatsapp.net","xp":35,"level":1},{"jid":"62895429692277@s.whatsapp.net","xp":4,"level":1},{"jid":"6287873915868@s.whatsapp.net","xp":30,"level":1},{"jid":"6285713076727@s.whatsapp.net","xp":75,"level":1},{"jid":"6285719617777@s.whatsapp.net","xp":6,"level":1},{"jid":"6289629614932@s.whatsapp.net","xp":103,"level":1},{"jid":"6282272849146@s.whatsapp.net","xp":6,"level":1},{"jid":"6281351231081@s.whatsapp.net","xp":422,"level":1},{"jid":"6282251196948@s.whatsapp.net","xp":3,"level":1},{"jid":"6289510296714@s.whatsapp.net","xp":3,"level":1},{"jid":"6282251414841@s.whatsapp.net","xp":1710,"level":1},{"jid":"6283126053086@s.whatsapp.net","xp":4,"level":1},{"jid":"6282252163281@s.whatsapp.net","xp":22,"level":1},{"jid":"6285524654198@s.whatsapp.net","xp":6,"level":1},{"jid":"60173250120@s.whatsapp.net","xp":14,"level":1},{"jid":"6285724866057@s.whatsapp.net","xp":116,"level":1},{"jid":"6283170762387@s.whatsapp.net","xp":140,"level":1},{"jid":"6288291753722@s.whatsapp.net","xp":367,"level":1},{"jid":"6281915163215@s.whatsapp.net","xp":364,"level":1},{"jid":"6289657710126@s.whatsapp.net","xp":32,"level":1},{"jid":"6289661904435@s.whatsapp.net","xp":6,"level":1},{"jid":"6285339439047@s.whatsapp.net","xp":373,"level":1},{"jid":"628975596899@s.whatsapp.net","xp":6,"level":1},{"jid":"62895636743242@s.whatsapp.net","xp":25,"level":1},{"jid":"6287830272776@s.whatsapp.net","xp":28,"level":1},{"jid":"6289519454579@s.whatsapp.net","xp":10,"level":1},{"jid":"6285752850826@s.whatsapp.net","xp":6,"level":1},{"jid":"6281383417750@s.whatsapp.net","xp":4,"level":1},{"jid":"18135960408@s.whatsapp.net","xp":517,"level":1},{"jid":"6285933822810@s.whatsapp.net","xp":9,"level":1},{"jid":"6282285212781@s.whatsapp.net","xp":12,"level":1},{"jid":"6285692717384@s.whatsapp.net","xp":3,"level":1},{"jid":"628986460841@s.whatsapp.net","xp":16,"level":1},{"jid":"6289601053586@s.whatsapp.net","xp":5,"level":1},{"jid":"6287755912444@s.whatsapp.net","xp":62,"level":1},{"jid":"6282293934985@s.whatsapp.net","xp":138,"level":1},{"jid":"6283850948355@s.whatsapp.net","xp":196,"level":1},{"jid":"6283172262423@s.whatsapp.net","xp":30,"level":1},{"jid":"6288261803413@s.whatsapp.net","xp":578,"level":1},{"jid":"6282123499844@s.whatsapp.net","xp":376,"level":1},{"jid":"6281367378136@s.whatsapp.net","xp":46,"level":1},{"jid":"6282230824787@s.whatsapp.net","xp":41,"level":1},{"jid":"62895388492727@s.whatsapp.net","xp":64,"level":1},{"jid":"6287880681218@s.whatsapp.net","xp":48,"level":1},{"jid":"6282155193789@s.whatsapp.net","xp":21,"level":1},{"jid":"6288297491925@s.whatsapp.net","xp":50,"level":1},{"jid":"6282243209805@s.whatsapp.net","xp":6,"level":1},{"jid":"628814762364@s.whatsapp.net","xp":60,"level":1},{"jid":"6285797722001@s.whatsapp.net","xp":27,"level":1},{"jid":"62895383042209@s.whatsapp.net","xp":11,"level":1},{"jid":"6289674053849@s.whatsapp.net","xp":35,"level":1},{"jid":"6282283126925@s.whatsapp.net","xp":74,"level":1},{"jid":"6282182013842@s.whatsapp.net","xp":19,"level":1},{"jid":"62895322370653@s.whatsapp.net","xp":3388,"level":1},{"jid":"6285812431018@s.whatsapp.net","xp":12,"level":1},{"jid":"6287782427007@s.whatsapp.net","xp":12,"level":1},{"jid":"6285893388099@s.whatsapp.net","xp":765,"level":1},{"jid":"6287722207822@s.whatsapp.net","xp":40,"level":1},{"jid":"6283150834080@s.whatsapp.net","xp":227,"level":1},{"jid":"6282116504737@s.whatsapp.net","xp":13,"level":1},{"jid":"6285669111186@s.whatsapp.net","xp":134,"level":1},{"jid":"6289504652029@s.whatsapp.net","xp":2,"level":1},{"jid":"6281284990052@s.whatsapp.net","xp":276,"level":1},{"jid":"6281226474520@s.whatsapp.net","xp":6,"level":1},{"jid":"6281907847375@s.whatsapp.net","xp":4,"level":1},{"jid":"6281291331274@s.whatsapp.net","xp":196,"level":1},{"jid":"6289653673167@s.whatsapp.net","xp":32,"level":1},{"jid":"6285214974011@s.whatsapp.net","xp":439,"level":1},{"jid":"6285338694340@s.whatsapp.net","xp":162,"level":1},{"jid":"62895421854398@s.whatsapp.net","xp":130,"level":1},{"jid":"6281368646011@s.whatsapp.net","xp":121,"level":1},{"jid":"18768023322@s.whatsapp.net","xp":3,"level":1},{"jid":"6288802961674@s.whatsapp.net","xp":2,"level":1},{"jid":"14155285587@s.whatsapp.net","xp":34,"level":1},{"jid":"6289507074498@s.whatsapp.net","xp":10,"level":1},{"jid":"6285751238572@s.whatsapp.net","xp":278,"level":1},{"jid":"6282365882179@s.whatsapp.net","xp":70,"level":1},{"jid":"628872594011@s.whatsapp.net","xp":158,"level":1},{"jid":"6282111158980@s.whatsapp.net","xp":97,"level":1},{"jid":"994406759740@s.whatsapp.net","xp":57,"level":1},{"jid":"6283192330324@s.whatsapp.net","xp":1734,"level":1},{"jid":"6287888549379@s.whatsapp.net","xp":67,"level":1},{"jid":"6282159036369@s.whatsapp.net","xp":52,"level":1},{"jid":"6281229562177@s.whatsapp.net","xp":90,"level":1},{"jid":"6281261618509@s.whatsapp.net","xp":59,"level":1},{"jid":"6283861388819@s.whatsapp.net","xp":10,"level":1},{"jid":"6285386458682@s.whatsapp.net","xp":8,"level":1},{"jid":"6285804374711@s.whatsapp.net","xp":13,"level":1},{"jid":"6281249613600@s.whatsapp.net","xp":915,"level":1},{"jid":"6285795702438@s.whatsapp.net","xp":232,"level":1},{"jid":"6281282750326@s.whatsapp.net","xp":24,"level":1},{"jid":"6289601225918@s.whatsapp.net","xp":87,"level":1},{"jid":"6285335377933@s.whatsapp.net","xp":10,"level":1},{"jid":"6281257312045@s.whatsapp.net","xp":102,"level":1},{"jid":"16572087338@s.whatsapp.net","xp":26,"level":1},{"jid":"6282136077702@s.whatsapp.net","xp":152,"level":1},{"jid":"6285249508672@s.whatsapp.net","xp":8,"level":1},{"jid":"6281349681969@s.whatsapp.net","xp":1266,"level":1},{"jid":"6281543395747@s.whatsapp.net","xp":20,"level":1},{"jid":"6285878623681@s.whatsapp.net","xp":5,"level":1},{"jid":"6285706830426@s.whatsapp.net","xp":45,"level":1},{"jid":"6287701046880@s.whatsapp.net","xp":95,"level":1},{"jid":"6282223995286@s.whatsapp.net","xp":82,"level":1},{"jid":"6288293439969@s.whatsapp.net","xp":702,"level":1},{"jid":"6283194416731@s.whatsapp.net","xp":67,"level":1},{"jid":"62895700328895@s.whatsapp.net","xp":1748,"level":1},{"jid":"6285255793270@s.whatsapp.net","xp":23,"level":1},{"jid":"6285270949997@s.whatsapp.net","xp":161,"level":1},{"jid":"6285272792719@s.whatsapp.net","xp":371,"level":1},{"jid":"6285349714840@s.whatsapp.net","xp":28,"level":1},{"jid":"6281282338244@s.whatsapp.net","xp":322,"level":1},{"jid":"62895807861234@s.whatsapp.net","xp":282,"level":1},{"jid":"6285326751381@s.whatsapp.net","xp":24,"level":1},{"jid":"6285348525589@s.whatsapp.net","xp":1149,"level":1},{"jid":"6281549219771@s.whatsapp.net","xp":745,"level":1},{"jid":"6283157288312@s.whatsapp.net","xp":8,"level":1},{"jid":"6285714945519@s.whatsapp.net","xp":139,"level":1},{"jid":"628985981980@s.whatsapp.net","xp":24,"level":1},{"jid":"6285751840489@s.whatsapp.net","xp":176,"level":1},{"jid":"6285752192818@s.whatsapp.net","xp":735,"level":1},{"jid":"6285718265548@s.whatsapp.net","xp":11,"level":1},{"jid":"6281380358980@s.whatsapp.net","xp":317,"level":1},{"jid":"6285711662524@s.whatsapp.net","xp":774,"level":1},{"jid":"6281903186317@s.whatsapp.net","xp":5,"level":1},{"jid":"6285234701415@s.whatsapp.net","xp":16,"level":1},{"jid":"6289608828030@s.whatsapp.net","xp":529,"level":1},{"jid":"6281770586207@s.whatsapp.net","xp":9,"level":1},{"jid":"6285890293250@s.whatsapp.net","xp":11,"level":1},{"jid":"6282142498540@s.whatsapp.net","xp":27,"level":1},{"jid":"6289617742046@s.whatsapp.net","xp":55,"level":1},{"jid":"6281315746434@s.whatsapp.net","xp":2,"level":1},{"jid":"6283140558910@s.whatsapp.net","xp":25,"level":1},{"jid":"6282292979723@s.whatsapp.net","xp":6,"level":1},{"jid":"6288808719953@s.whatsapp.net","xp":57,"level":1},{"jid":"6287841888025@s.whatsapp.net","xp":6,"level":1},{"jid":"6289677517538@s.whatsapp.net","xp":23,"level":1},{"jid":"6289654814567@s.whatsapp.net","xp":2,"level":1},{"jid":"6289670430516@s.whatsapp.net","xp":67,"level":1},{"jid":"6281934473119@s.whatsapp.net","xp":105,"level":1},{"jid":"6281348051836@s.whatsapp.net","xp":4,"level":1},{"jid":"62895382331666@s.whatsapp.net","xp":526,"level":1},{"jid":"6281239310519@s.whatsapp.net","xp":220,"level":1},{"jid":"6285800613848@s.whatsapp.net","xp":10,"level":1},{"jid":"628886602463@s.whatsapp.net","xp":27,"level":1},{"jid":"6287892446620@s.whatsapp.net","xp":33,"level":1},{"jid":"6289616018885@s.whatsapp.net","xp":70,"level":1},{"jid":"62856689957741@s.whatsapp.net","xp":8,"level":1},{"jid":"6281361428205@s.whatsapp.net","xp":10,"level":1},{"jid":"6285156571797@s.whatsapp.net","xp":26,"level":1},{"jid":"62882009900200@s.whatsapp.net","xp":13,"level":1},{"jid":"62895387067786@s.whatsapp.net","xp":5,"level":1},{"jid":"6283149656517@s.whatsapp.net","xp":110,"level":1},{"jid":"62895414802252@s.whatsapp.net","xp":17,"level":1},{"jid":"6282318241395@s.whatsapp.net","xp":45,"level":1},{"jid":"6285642337435@s.whatsapp.net","xp":5,"level":1},{"jid":"6285695461206@s.whatsapp.net","xp":513,"level":1},{"jid":"6281228355953@s.whatsapp.net","xp":8,"level":1},{"jid":"6283129357548@s.whatsapp.net","xp":844,"level":1},{"jid":"212772828529@s.whatsapp.net","xp":196,"level":1},{"jid":"6285733147987@s.whatsapp.net","xp":840,"level":1},{"jid":"6285793753973@s.whatsapp.net","xp":1424,"level":1},{"jid":"6281221064102@s.whatsapp.net","xp":202,"level":1},{"jid":"6282134765246@s.whatsapp.net","xp":175,"level":1},{"jid":"919366131020@s.whatsapp.net","xp":8,"level":1},{"jid":"6288298114074@s.whatsapp.net","xp":671,"level":1},{"jid":"62895396847197@s.whatsapp.net","xp":5,"level":1},{"jid":"6285647876225@s.whatsapp.net","xp":81,"level":1},{"jid":"62895386002300@s.whatsapp.net","xp":29,"level":1},{"jid":"6289656474808@s.whatsapp.net","xp":26,"level":1},{"jid":"6282167135792@s.whatsapp.net","xp":124,"level":1},{"jid":"6283149435169@s.whatsapp.net","xp":19,"level":1},{"jid":"6289653532526@s.whatsapp.net","xp":9,"level":1},{"jid":"62895395264895@s.whatsapp.net","xp":7,"level":1},{"jid":"6281997676359@s.whatsapp.net","xp":41,"level":1},{"jid":"6289525548185@s.whatsapp.net","xp":202,"level":1},{"jid":"6285229101261@s.whatsapp.net","xp":9,"level":1},{"jid":"62895617348000@s.whatsapp.net","xp":46,"level":1},{"jid":"6281717850569@s.whatsapp.net","xp":9,"level":1},{"jid":"62895395219774@s.whatsapp.net","xp":133,"level":1},{"jid":"6283141209657@s.whatsapp.net","xp":10,"level":1},{"jid":"628875236430@s.whatsapp.net","xp":325,"level":1},{"jid":"6283833512906@s.whatsapp.net","xp":36,"level":1},{"jid":"6288213490423@s.whatsapp.net","xp":127,"level":1},{"jid":"6285893462099@s.whatsapp.net","xp":40,"level":1},{"jid":"6285884208127@s.whatsapp.net","xp":28,"level":1},{"jid":"62895618772686@s.whatsapp.net","xp":14,"level":1},{"jid":"628817044373@s.whatsapp.net","xp":25,"level":1},{"jid":"6285706394366@s.whatsapp.net","xp":179,"level":1},{"jid":"6289530006441@s.whatsapp.net","xp":16,"level":1},{"jid":"6282116767284@s.whatsapp.net","xp":801,"level":1},{"jid":"6289509019716@s.whatsapp.net","xp":6,"level":1},{"jid":"62895408493010@s.whatsapp.net","xp":4,"level":1},{"jid":"6285298181896@s.whatsapp.net","xp":9,"level":1},{"jid":"6285750512319@s.whatsapp.net","xp":3,"level":1},{"jid":"62895249161710@s.whatsapp.net","xp":9,"level":1},{"jid":"6289510185577@s.whatsapp.net","xp":19,"level":1},{"jid":"6281350145865@s.whatsapp.net","xp":10,"level":1},{"jid":"6282259181860@s.whatsapp.net","xp":12,"level":1},{"jid":"6281238979614@s.whatsapp.net","xp":2,"level":1},{"jid":"6287776308173@s.whatsapp.net","xp":401,"level":1},{"jid":"6285774483502@s.whatsapp.net","xp":114,"level":1},{"jid":"6285722220416@s.whatsapp.net","xp":4,"level":1},{"jid":"6289635745769@s.whatsapp.net","xp":107,"level":1},{"jid":"6285379524446@s.whatsapp.net","xp":3,"level":1},{"jid":"62895600118535@s.whatsapp.net","xp":6,"level":1},{"jid":"6285216007427@s.whatsapp.net","xp":135,"level":1},{"jid":"6285758409718@s.whatsapp.net","xp":454,"level":1},{"jid":"6282284314292@s.whatsapp.net","xp":19,"level":1},{"jid":"6281291656157@s.whatsapp.net","xp":22,"level":1},{"jid":"6281918934451@s.whatsapp.net","xp":82,"level":1},{"jid":"6282284353753@s.whatsapp.net","xp":10,"level":1},{"jid":"6285228507823@s.whatsapp.net","xp":162,"level":1},{"jid":"6282228018184@s.whatsapp.net","xp":28,"level":1},{"jid":"6282111801424@s.whatsapp.net","xp":3,"level":1},{"jid":"6282157649832@s.whatsapp.net","xp":130,"level":1},{"jid":"6282372745823@s.whatsapp.net","xp":2,"level":1},{"jid":"6288286960611@s.whatsapp.net","xp":83,"level":1},{"jid":"6287708325011@s.whatsapp.net","xp":19,"level":1},{"jid":"6285772879519@s.whatsapp.net","xp":3,"level":1},{"jid":"6282119008643@s.whatsapp.net","xp":7,"level":1},{"jid":"6281347116073@s.whatsapp.net","xp":115,"level":1},{"jid":"6281549225197@s.whatsapp.net","xp":65,"level":1},{"jid":"6281549612024@s.whatsapp.net","xp":61,"level":1},{"jid":"6287807033875@s.whatsapp.net","xp":6,"level":1},{"jid":"6285212205951@s.whatsapp.net","xp":50,"level":1},{"jid":"6281326395466@s.whatsapp.net","xp":2,"level":1},{"jid":"6285960506920@s.whatsapp.net","xp":147,"level":1},{"jid":"6283103759444@s.whatsapp.net","xp":172,"level":1},{"jid":"6285763106559@s.whatsapp.net","xp":33,"level":1},{"jid":"6282172295232@s.whatsapp.net","xp":56,"level":1},{"jid":"6281240237273@s.whatsapp.net","xp":34,"level":1},{"jid":"6289518644644@s.whatsapp.net","xp":397,"level":1},{"jid":"6281515275462@s.whatsapp.net","xp":10,"level":1},{"jid":"6282268115461@s.whatsapp.net","xp":121,"level":1},{"jid":"6281262580847@s.whatsapp.net","xp":2,"level":1},{"jid":"6287760885174@s.whatsapp.net","xp":4,"level":1},{"jid":"6288703010449@s.whatsapp.net","xp":22,"level":1},{"jid":"6285348581746@s.whatsapp.net","xp":17,"level":1},{"jid":"6281230882993@s.whatsapp.net","xp":11,"level":1},{"jid":"6282232468840@s.whatsapp.net","xp":120,"level":1},{"jid":"6283846804819@s.whatsapp.net","xp":14,"level":1},{"jid":"6283829881449@s.whatsapp.net","xp":14,"level":1},{"jid":"6283186267639@s.whatsapp.net","xp":34,"level":1},{"jid":"6288221837321@s.whatsapp.net","xp":6,"level":1},{"jid":"6289611664108@s.whatsapp.net","xp":7,"level":1},{"jid":"628980580691@s.whatsapp.net","xp":5,"level":1},{"jid":"6288286521605@s.whatsapp.net","xp":20,"level":1},{"jid":"6285738796683@s.whatsapp.net","xp":193,"level":1},{"jid":"6288286342890@s.whatsapp.net","xp":4,"level":1},{"jid":"6282375742553@s.whatsapp.net","xp":3,"level":1},{"jid":"6282142949818@s.whatsapp.net","xp":42,"level":1},{"jid":"6285767252419@s.whatsapp.net","xp":18,"level":1},{"jid":"6285879050144@s.whatsapp.net","xp":22,"level":1},{"jid":"6285711272820@s.whatsapp.net","xp":21,"level":1},{"jid":"6282289098588@s.whatsapp.net","xp":87,"level":1},{"jid":"601123414651@s.whatsapp.net","xp":109,"level":1},{"jid":"6285792576078@s.whatsapp.net","xp":1025,"level":1},{"jid":"628119110690@s.whatsapp.net","xp":9,"level":1},{"jid":"6289699503287@s.whatsapp.net","xp":20,"level":1},{"jid":"6289505234137@s.whatsapp.net","xp":10,"level":1},{"jid":"6282198182217@s.whatsapp.net","xp":6,"level":1},{"jid":"6288245147390@s.whatsapp.net","xp":61,"level":1},{"jid":"6285321406954@s.whatsapp.net","xp":28,"level":1},{"jid":"6283192405513@s.whatsapp.net","xp":98,"level":1},{"jid":"6283153037664@s.whatsapp.net","xp":16,"level":1},{"jid":"6282152622449@s.whatsapp.net","xp":140,"level":1},{"jid":"6281259880744@s.whatsapp.net","xp":136,"level":1},{"jid":"6283125398884@s.whatsapp.net","xp":8,"level":1},{"jid":"6287758918066@s.whatsapp.net","xp":93,"level":1},{"jid":"6281524436349@s.whatsapp.net","xp":23,"level":1},{"jid":"6285885068001@s.whatsapp.net","xp":60,"level":1},{"jid":"6282327542873@s.whatsapp.net","xp":14,"level":1},{"jid":"6282348181097@s.whatsapp.net","xp":17,"level":1},{"jid":"6283115162204@s.whatsapp.net","xp":1894,"level":1},{"jid":"6282131383299@s.whatsapp.net","xp":9,"level":1},{"jid":"6289678923310@s.whatsapp.net","xp":35,"level":1},{"jid":"6285705542939@s.whatsapp.net","xp":390,"level":1},{"jid":"6285261528776@s.whatsapp.net","xp":10,"level":1},{"jid":"6287886932070@s.whatsapp.net","xp":679,"level":1},{"jid":"6283846265315@s.whatsapp.net","xp":4,"level":1},{"jid":"6285246135278@s.whatsapp.net","xp":22,"level":1},{"jid":"62859166192095@s.whatsapp.net","xp":27,"level":1},{"jid":"62887436116680@s.whatsapp.net","xp":3,"level":1},{"jid":"6282230886610@s.whatsapp.net","xp":179,"level":1},{"jid":"6288292173884@s.whatsapp.net","xp":4,"level":1},{"jid":"6281213124669@s.whatsapp.net","xp":13,"level":1},{"jid":"62859176742365@s.whatsapp.net","xp":16,"level":1},{"jid":"6285713635543@s.whatsapp.net","xp":5,"level":1},{"jid":"62895617056310@s.whatsapp.net","xp":131,"level":1},{"jid":"6285811053599@s.whatsapp.net","xp":21,"level":1},{"jid":"6285691442483@s.whatsapp.net","xp":18,"level":1},{"jid":"6285864314210@s.whatsapp.net","xp":19,"level":1},{"jid":"6281256529544@s.whatsapp.net","xp":12,"level":1},{"jid":"6281350425142@s.whatsapp.net","xp":92,"level":1},{"jid":"6281779171512@s.whatsapp.net","xp":4,"level":1},{"jid":"62895806307389@s.whatsapp.net","xp":92,"level":1},{"jid":"6282265118646@s.whatsapp.net","xp":42,"level":1},{"jid":"6289632599052@s.whatsapp.net","xp":19,"level":1},{"jid":"6282346400661@s.whatsapp.net","xp":11,"level":1},{"jid":"6289658121324@s.whatsapp.net","xp":120,"level":1},{"jid":"6285713237674@s.whatsapp.net","xp":6,"level":1},{"jid":"628979461159@s.whatsapp.net","xp":62,"level":1},{"jid":"6289632420394@s.whatsapp.net","xp":13,"level":1},{"jid":"6285772526036@s.whatsapp.net","xp":124,"level":1},{"jid":"6285275447410@s.whatsapp.net","xp":165,"level":1},{"jid":"6289601416330@s.whatsapp.net","xp":46,"level":1},{"jid":"6281364346510@s.whatsapp.net","xp":414,"level":1},{"jid":"6289604144103@s.whatsapp.net","xp":2,"level":1},{"jid":"6285852353712@s.whatsapp.net","xp":183,"level":1},{"jid":"12136036375@s.whatsapp.net","xp":17,"level":1},{"jid":"6285654458548@s.whatsapp.net","xp":146,"level":1},{"jid":"6281320328654@s.whatsapp.net","xp":12,"level":1},{"jid":"6282299265151@s.whatsapp.net","xp":5,"level":1},{"jid":"62859196424763@s.whatsapp.net","xp":6,"level":1},{"jid":"6282332039249@s.whatsapp.net","xp":49,"level":1},{"jid":"6285956321559@s.whatsapp.net","xp":6,"level":1},{"jid":"6281372418803@s.whatsapp.net","xp":94,"level":1},{"jid":"62895414533737@s.whatsapp.net","xp":24,"level":1},{"jid":"6288802596597@s.whatsapp.net","xp":9,"level":1},{"jid":"6282314284525@s.whatsapp.net","xp":9,"level":1},{"jid":"6288262305732@s.whatsapp.net","xp":16,"level":1},{"jid":"6285770269605@s.whatsapp.net","xp":38,"level":1},{"jid":"6285959375675@s.whatsapp.net","xp":31,"level":1},{"jid":"6288263975331@s.whatsapp.net","xp":18,"level":1},{"jid":"6289513228004@s.whatsapp.net","xp":8,"level":1},{"jid":"6283871792117@s.whatsapp.net","xp":7,"level":1},{"jid":"6285765608754@s.whatsapp.net","xp":6,"level":1},{"jid":"6285890059840@s.whatsapp.net","xp":22,"level":1},{"jid":"6289657745751@s.whatsapp.net","xp":22,"level":1},{"jid":"6283870870571@s.whatsapp.net","xp":60,"level":1},{"jid":"6285736996646@s.whatsapp.net","xp":208,"level":1},{"jid":"6285362971784@s.whatsapp.net","xp":26,"level":1},{"jid":"6285789556135@s.whatsapp.net","xp":137,"level":1},{"jid":"6285215231115@s.whatsapp.net","xp":7,"level":1},{"jid":"6281297980063@s.whatsapp.net","xp":17,"level":1},{"jid":"6289530417506@s.whatsapp.net","xp":14,"level":1},{"jid":"6288806857078@s.whatsapp.net","xp":7,"level":1},{"jid":"628987351166@s.whatsapp.net","xp":7,"level":1},{"jid":"62895379477666@s.whatsapp.net","xp":83,"level":1},{"jid":"6283178634010@s.whatsapp.net","xp":4,"level":1},{"jid":"6289507841961@s.whatsapp.net","xp":21,"level":1},{"jid":"6285735990074@s.whatsapp.net","xp":14,"level":1},{"jid":"62895413001925@s.whatsapp.net","xp":150,"level":1},{"jid":"6285817613402@s.whatsapp.net","xp":10,"level":1},{"jid":"6289506222446@s.whatsapp.net","xp":4,"level":1},{"jid":"6283175731467@s.whatsapp.net","xp":4,"level":1},{"jid":"62895810589400@s.whatsapp.net","xp":2,"level":1},{"jid":"6288287336284@s.whatsapp.net","xp":14,"level":1},{"jid":"6283142662057@s.whatsapp.net","xp":8,"level":1},{"jid":"6281332833485@s.whatsapp.net","xp":26,"level":1},{"jid":"6285846092782@s.whatsapp.net","xp":16,"level":1},{"jid":"6281258869521@s.whatsapp.net","xp":2,"level":1},{"jid":"601133604971@s.whatsapp.net","xp":4,"level":1},{"jid":"6285786646643@s.whatsapp.net","xp":6,"level":1},{"jid":"6281352052375@s.whatsapp.net","xp":111,"level":1},{"jid":"6283824513324@s.whatsapp.net","xp":9,"level":1},{"jid":"6287743600194@s.whatsapp.net","xp":15,"level":1},{"jid":"6282172492353@s.whatsapp.net","xp":7,"level":1},{"jid":"6285746657092@s.whatsapp.net","xp":10,"level":1},{"jid":"6282110012838@s.whatsapp.net","xp":2,"level":1},{"jid":"6283147469592@s.whatsapp.net","xp":3,"level":1},{"jid":"6283134554553@s.whatsapp.net","xp":5,"level":1},{"jid":"6285776639550@s.whatsapp.net","xp":6,"level":1},{"jid":"6281958179068@s.whatsapp.net","xp":23,"level":1},{"jid":"6287836174104@s.whatsapp.net","xp":4,"level":1},{"jid":"6282293471071@s.whatsapp.net","xp":11,"level":1},{"jid":"6289670242244@s.whatsapp.net","xp":4,"level":1},{"jid":"6281325137084@s.whatsapp.net","xp":12,"level":1},{"jid":"6285835676214@s.whatsapp.net","xp":3,"level":1},{"jid":"6282281820334@s.whatsapp.net","xp":11,"level":1},{"jid":"6283807973211@s.whatsapp.net","xp":249,"level":1},{"jid":"6289523258649@s.whatsapp.net","xp":19,"level":1},{"jid":"6285602185620@s.whatsapp.net","xp":8,"level":1},{"jid":"6285751056816@s.whatsapp.net","xp":134,"level":1},{"jid":"6281351848546@s.whatsapp.net","xp":12,"level":1},{"jid":"6287886412802@s.whatsapp.net","xp":13,"level":1},{"jid":"6282112314384@s.whatsapp.net","xp":26,"level":1},{"jid":"6285283254980@s.whatsapp.net","xp":27,"level":1},{"jid":"6283104061930@s.whatsapp.net","xp":9,"level":1},{"jid":"6283171651040@s.whatsapp.net","xp":10,"level":1},{"jid":"6285216487616@s.whatsapp.net","xp":33,"level":1},{"jid":"6281292179073@s.whatsapp.net","xp":7,"level":1},{"jid":"6281212245440@s.whatsapp.net","xp":7,"level":1},{"jid":"6287870518422@s.whatsapp.net","xp":62,"level":1},{"jid":"6283133740589@s.whatsapp.net","xp":4,"level":1},{"jid":"62895412453434@s.whatsapp.net","xp":184,"level":1},{"jid":"6283878168686@s.whatsapp.net","xp":20,"level":1},{"jid":"6289526606919@s.whatsapp.net","xp":5,"level":1},{"jid":"6285237332161@s.whatsapp.net","xp":319,"level":1},{"jid":"6281359054989@s.whatsapp.net","xp":16,"level":1},{"jid":"6283899506424@s.whatsapp.net","xp":87,"level":1},{"jid":"6285283737791@s.whatsapp.net","xp":480,"level":1},{"jid":"6281930559538@s.whatsapp.net","xp":12,"level":1},{"jid":"6285748472452@s.whatsapp.net","xp":27,"level":1},{"jid":"6282145233815@s.whatsapp.net","xp":38,"level":1},{"jid":"6289637401007@s.whatsapp.net","xp":45,"level":1},{"jid":"6285961488656@s.whatsapp.net","xp":7,"level":1},{"jid":"6282197872318@s.whatsapp.net","xp":106,"level":1},{"jid":"6285748127424@s.whatsapp.net","xp":8,"level":1},{"jid":"6282281820337@s.whatsapp.net","xp":34,"level":1},{"jid":"6285786268611@s.whatsapp.net","xp":96,"level":1},{"jid":"6282159147174@s.whatsapp.net","xp":363,"level":1},{"jid":"6283154618573@s.whatsapp.net","xp":2,"level":1},{"jid":"6285694416354@s.whatsapp.net","xp":38,"level":1},{"jid":"601126027509@s.whatsapp.net","xp":16,"level":1},{"jid":"6289632583270@s.whatsapp.net","xp":245,"level":1},{"jid":"6289501629753@s.whatsapp.net","xp":5,"level":1},{"jid":"60167822407@s.whatsapp.net","xp":125,"level":1},{"jid":"6289517384998@s.whatsapp.net","xp":4,"level":1},{"jid":"6288298648817@s.whatsapp.net","xp":11,"level":1},{"jid":"62895705030440@s.whatsapp.net","xp":3,"level":1},{"jid":"62831384030881@s.whatsapp.net","xp":6,"level":1},{"jid":"6289518990729@s.whatsapp.net","xp":2,"level":1},{"jid":"6281342054849@s.whatsapp.net","xp":30,"level":1},{"jid":"6288804620438@s.whatsapp.net","xp":2,"level":1},{"jid":"62855911204930@s.whatsapp.net","xp":15,"level":1},{"jid":"6282192108539@s.whatsapp.net","xp":5,"level":1},{"jid":"6281358272047@s.whatsapp.net","xp":6,"level":1},{"jid":"6281520972991@s.whatsapp.net","xp":27,"level":1},{"jid":"6283844544686@s.whatsapp.net","xp":21,"level":1},{"jid":"6281220564428@s.whatsapp.net","xp":5,"level":1},{"jid":"628812721801@s.whatsapp.net","xp":3,"level":1},{"jid":"6281344327073@s.whatsapp.net","xp":24,"level":1},{"jid":"6283809644316@s.whatsapp.net","xp":5,"level":1},{"jid":"6287750930233@s.whatsapp.net","xp":17,"level":1},{"jid":"6288742515435@s.whatsapp.net","xp":5,"level":1},{"jid":"62812349751174@s.whatsapp.net","xp":302,"level":1},{"jid":"6287716069431@s.whatsapp.net","xp":17,"level":1},{"jid":"6285719448074@s.whatsapp.net","xp":584,"level":1},{"jid":"6285282587977@s.whatsapp.net","xp":309,"level":1},{"jid":"6282168724402@s.whatsapp.net","xp":10,"level":1},{"jid":"6285283237432@s.whatsapp.net","xp":155,"level":1},{"jid":"628882379922@s.whatsapp.net","xp":194,"level":1},{"jid":"6289628983095@s.whatsapp.net","xp":11,"level":1},{"jid":"6281225987767@s.whatsapp.net","xp":138,"level":1},{"jid":"6285832600970@s.whatsapp.net","xp":72,"level":1},{"jid":"6287857094231@s.whatsapp.net","xp":26,"level":1},{"jid":"6281382704313@s.whatsapp.net","xp":7,"level":1},{"jid":"6289626724381@s.whatsapp.net","xp":179,"level":1},{"jid":"628873319924@s.whatsapp.net","xp":6,"level":1},{"jid":"6285755671530@s.whatsapp.net","xp":10,"level":1},{"jid":"6285773141054@s.whatsapp.net","xp":195,"level":1},{"jid":"6281575892193@s.whatsapp.net","xp":6,"level":1},{"jid":"17324565096@s.whatsapp.net","xp":208,"level":1},{"jid":"6289655228700@s.whatsapp.net","xp":60,"level":1},{"jid":"6282249070175@s.whatsapp.net","xp":3,"level":1},{"jid":"6282122761475@s.whatsapp.net","xp":48,"level":1},{"jid":"6285972591765@s.whatsapp.net","xp":25,"level":1},{"jid":"6281556503061@s.whatsapp.net","xp":4,"level":1},{"jid":"6285648642326@s.whatsapp.net","xp":6,"level":1},{"jid":"6281291539961@s.whatsapp.net","xp":3,"level":1},{"jid":"6282158080722@s.whatsapp.net","xp":113,"level":1},{"jid":"62895326706697@s.whatsapp.net","xp":56,"level":1},{"jid":"6285774696350@s.whatsapp.net","xp":11,"level":1},{"jid":"628881907245@s.whatsapp.net","xp":2,"level":1},{"jid":"6285523589854@s.whatsapp.net","xp":23,"level":1},{"jid":"6287851740094@s.whatsapp.net","xp":71,"level":1},{"jid":"6283897104706@s.whatsapp.net","xp":11,"level":1},{"jid":"6285242623922@s.whatsapp.net","xp":32,"level":1},{"jid":"62895341898829@s.whatsapp.net","xp":424,"level":1},{"jid":"6282249099815@s.whatsapp.net","xp":69,"level":1},{"jid":"6282284623351@s.whatsapp.net","xp":63,"level":1},{"jid":"6288805939108@s.whatsapp.net","xp":22,"level":1},{"jid":"6282328785387@s.whatsapp.net","xp":43,"level":1},{"jid":"628979660525@s.whatsapp.net","xp":48,"level":1},{"jid":"6282143197069@s.whatsapp.net","xp":4,"level":1},{"jid":"6282114132997@s.whatsapp.net","xp":86,"level":1},{"jid":"6285607411085@s.whatsapp.net","xp":16,"level":1},{"jid":"6288803189873@s.whatsapp.net","xp":4,"level":1},{"jid":"6281273000448@s.whatsapp.net","xp":6,"level":1},{"jid":"6282137588652@s.whatsapp.net","xp":9,"level":1},{"jid":"6282217125541@s.whatsapp.net","xp":6,"level":1},{"jid":"6283894076905@s.whatsapp.net","xp":4,"level":1},{"jid":"6281290881329@s.whatsapp.net","xp":36,"level":1},{"jid":"6289524530660@s.whatsapp.net","xp":14,"level":1},{"jid":"62895391840537@s.whatsapp.net","xp":8,"level":1},{"jid":"6285738033165@s.whatsapp.net","xp":7,"level":1},{"jid":"6289648847616@s.whatsapp.net","xp":16,"level":1},{"jid":"6281273341142@s.whatsapp.net","xp":18,"level":1},{"jid":"6285894563631@s.whatsapp.net","xp":23,"level":1},{"jid":"62895372498653@s.whatsapp.net","xp":34,"level":1},{"jid":"6289530244932@s.whatsapp.net","xp":49,"level":1},{"jid":"628889960408@s.whatsapp.net","xp":17,"level":1},{"jid":"6281928925948@s.whatsapp.net","xp":13,"level":1},{"jid":"6287761538030@s.whatsapp.net","xp":5,"level":1},{"jid":"6281345299101@s.whatsapp.net","xp":3,"level":1},{"jid":"628978302739@s.whatsapp.net","xp":35,"level":1},{"jid":"6285104018677@s.whatsapp.net","xp":12,"level":1},{"jid":"6285786477178@s.whatsapp.net","xp":2,"level":1},{"jid":"6285788611243@s.whatsapp.net","xp":29,"level":1},{"jid":"6282150373553@s.whatsapp.net","xp":2,"level":1},{"jid":"6281284876066@s.whatsapp.net","xp":8,"level":1},{"jid":"6285386644850@s.whatsapp.net","xp":8,"level":1},{"jid":"6283824491620@s.whatsapp.net","xp":31,"level":1},{"jid":"628124679691@s.whatsapp.net","xp":75,"level":1},{"jid":"6285894557865@s.whatsapp.net","xp":126,"level":1},{"jid":"6281285326804@s.whatsapp.net","xp":98,"level":1},{"jid":"6289501576107@s.whatsapp.net","xp":2,"level":1},{"jid":"628994590198@s.whatsapp.net","xp":38,"level":1},{"jid":"6282375732530@s.whatsapp.net","xp":10,"level":1},{"jid":"6282276115991@s.whatsapp.net","xp":7,"level":1},{"jid":"6282199503258@s.whatsapp.net","xp":11,"level":1},{"jid":"6285803745626@s.whatsapp.net","xp":10,"level":1},{"jid":"6282138160855@s.whatsapp.net","xp":7,"level":1},{"jid":"6285156185874@s.whatsapp.net","xp":28,"level":1},{"jid":"62895424441757@s.whatsapp.net","xp":27,"level":1},{"jid":"6282252684921@s.whatsapp.net","xp":6,"level":1},{"jid":"6289517174839@s.whatsapp.net","xp":18,"level":1},{"jid":"6282393211608@s.whatsapp.net","xp":6,"level":1},{"jid":"6287762476083@s.whatsapp.net","xp":7,"level":1},{"jid":"6281249078070@s.whatsapp.net","xp":5,"level":1},{"jid":"6285762703881@s.whatsapp.net","xp":7,"level":1},{"jid":"62887436155906@s.whatsapp.net","xp":13,"level":1},{"jid":"6285649519998@s.whatsapp.net","xp":18,"level":1},{"jid":"6285869112568@s.whatsapp.net","xp":24,"level":1},{"jid":"6283805504789@s.whatsapp.net","xp":102,"level":1},{"jid":"6285806273851@s.whatsapp.net","xp":5,"level":1},{"jid":"6285784385223@s.whatsapp.net","xp":4,"level":1},{"jid":"62895392048981@s.whatsapp.net","xp":2,"level":1},{"jid":"6283899729568@s.whatsapp.net","xp":3,"level":1},{"jid":"6285648493350@s.whatsapp.net","xp":4,"level":1},{"jid":"6283801962884@s.whatsapp.net","xp":12,"level":1},{"jid":"62895704078224@s.whatsapp.net","xp":2,"level":1}]