[{"jid":"6289655478810@s.whatsapp.net","xp":2.85828e+22,"level":9999999999999999999999999999999999},{"jid":"6285668190592@s.whatsapp.net","xp":2515,"level":1},{"jid":"17157213186@s.whatsapp.net","xp":3538,"level":1},{"jid":"6281259129877@s.whatsapp.net","xp":1007,"level":1},{"jid":"6289517258175@s.whatsapp.net","xp":506,"level":1},{"jid":"6283172209538@s.whatsapp.net","xp":1012,"level":1},{"jid":"6285795240468@s.whatsapp.net","xp":503,"level":1},{"jid":"6282246586611@s.whatsapp.net","xp":2018,"level":1},{"jid":"6282387804410@s.whatsapp.net","xp":33052,"level":4},{"jid":"6282171410554@s.whatsapp.net","xp":10094,"level":2},{"jid":"6287776032658@s.whatsapp.net","xp":1509,"level":1},{"jid":"6282155483269@s.whatsapp.net","xp":2519,"level":1},{"jid":"6285784244650@s.whatsapp.net","xp":502,"level":1},{"jid":"62812324381350@s.whatsapp.net","xp":1511,"level":1},{"jid":"6282392166099@s.whatsapp.net","xp":16113,"level":3},{"jid":"6282156986313@s.whatsapp.net","xp":2530,"level":1},{"jid":"6281368327201@s.whatsapp.net","xp":507,"level":1},{"jid":"6287720646259@s.whatsapp.net","xp":21605,"level":4},{"jid":"6285364937006@s.whatsapp.net","xp":5557,"level":2},{"jid":"6282198571732@s.whatsapp.net","xp":47030,"level":5},{"jid":"18552200193@s.whatsapp.net","xp":5560,"level":2},{"jid":"6285850834137@s.whatsapp.net","xp":11101,"level":2},{"jid":"6282280771747@s.whatsapp.net","xp":3544,"level":1},{"jid":"6283175202306@s.whatsapp.net","xp":12115,"level":2},{"jid":"6285777539096@s.whatsapp.net","xp":6075,"level":2},{"jid":"6282284623351@s.whatsapp.net","xp":2010,"level":1},{"jid":"6281632138901@s.whatsapp.net","xp":4025,"level":1},{"jid":"6285703376807@s.whatsapp.net","xp":1502,"level":1},{"jid":"62895801181650@s.whatsapp.net","xp":58861,"level":5},{"jid":"6285706201862@s.whatsapp.net","xp":502,"level":1},{"jid":"6283848436988@s.whatsapp.net","xp":8583,"level":2},{"jid":"62881038322946@s.whatsapp.net","xp":1204,"level":1},{"jid":"6285839347826@s.whatsapp.net","xp":9034,"level":3},{"jid":"6289648841630@s.whatsapp.net","xp":510,"level":1},{"jid":"628886918066@s.whatsapp.net","xp":2014,"level":1},{"jid":"6285834203931@s.whatsapp.net","xp":1013,"level":1},{"jid":"6282339785168@s.whatsapp.net","xp":3031,"level":1},{"jid":"6289678437157@s.whatsapp.net","xp":1018,"level":1},{"jid":"6282159534244@s.whatsapp.net","xp":1517,"level":1},{"jid":"6281310734653@s.whatsapp.net","xp":1504,"level":1},{"jid":"6287875273736@s.whatsapp.net","xp":506,"level":1},{"jid":"6283101147415@s.whatsapp.net","xp":501,"level":1},{"jid":"628882673538@s.whatsapp.net","xp":3024,"level":1},{"jid":"6282252922249@s.whatsapp.net","xp":1010,"level":1},{"jid":"6289630267388@s.whatsapp.net","xp":5547,"level":2},{"jid":"6281312524080@s.whatsapp.net","xp":1018,"level":1},{"jid":"6289520052020@s.whatsapp.net","xp":505,"level":1},{"jid":"6282339286566@s.whatsapp.net","xp":505,"level":1},{"jid":"6285817670515@s.whatsapp.net","xp":506,"level":1},{"jid":"6281997205079@s.whatsapp.net","xp":504,"level":1},{"id":"6289655478810@s.whatsapp.net","xp":9999999999999999999999999999,"level":9999999999999999999999999999999},{"id":"6281355713640@s.whatsapp.net","xp":8066,"level":2},{"id":"6282387804410@s.whatsapp.net","xp":117241,"level":5},{"id":"62822551230810@s.whatsapp.net","xp":108482,"level":5},{"id":"6287704509644@s.whatsapp.net","xp":3540,"level":1},{"id":"6289602014045@s.whatsapp.net","xp":31784,"level":3},{"id":"17622463279@s.whatsapp.net","xp":9105,"level":2},{"id":"6282268995248@s.whatsapp.net","xp":4026,"level":1},{"id":"628165466368@s.whatsapp.net","xp":13657,"level":2},{"id":"6282265118646@s.whatsapp.net","xp":29751,"level":3},{"id":"6288744329890@s.whatsapp.net","xp":1014,"level":1},{"id":"6285807107404@s.whatsapp.net","xp":24714,"level":3},{"id":"6281315337719@s.whatsapp.net","xp":3029,"level":1},{"id":"6289697049691@s.whatsapp.net","xp":510,"level":1},{"id":"6282272422233@s.whatsapp.net","xp":3541,"level":1},{"id":"6282181091601@s.whatsapp.net","xp":3039,"level":1},{"id":"6282269168767@s.whatsapp.net","xp":3739,"level":1},{"id":"6281262826856@s.whatsapp.net","xp":504,"level":1},{"id":"6285740961787@s.whatsapp.net","xp":3532,"level":1},{"id":"6285777539096@s.whatsapp.net","xp":2525,"level":1},{"id":"6281991303442@s.whatsapp.net","xp":38338,"level":4},{"id":"6281214907084@s.whatsapp.net","xp":1013,"level":1},{"id":"62881038322946@s.whatsapp.net","xp":2532,"level":1},{"id":"62857303430648@s.whatsapp.net","xp":6960,"level":2},{"id":"6282198571732@s.whatsapp.net","xp":42532,"level":4},{"id":"18552200193@s.whatsapp.net","xp":3530,"level":1},{"id":"6281395908381@s.whatsapp.net","xp":24728,"level":3},{"id":"6285329091289@s.whatsapp.net","xp":1004,"level":1},{"id":"6285942270884@s.whatsapp.net","xp":1110,"level":1},{"id":"6285524627437@s.whatsapp.net","xp":40372,"level":4},{"id":"6283160539156@s.whatsapp.net","xp":1009,"level":1},{"id":"6285782026550@s.whatsapp.net","xp":22720,"level":3},{"id":"6281649182855@s.whatsapp.net","xp":22593,"level":3},{"id":"6285366303284@s.whatsapp.net","xp":17151,"level":3},{"id":"62895801181650@s.whatsapp.net","xp":51602,"level":4},{"id":"6289688363598@s.whatsapp.net","xp":10073,"level":2},{"id":"6285853829039@s.whatsapp.net","xp":5050,"level":2},{"id":"6287879430409@s.whatsapp.net","xp":5036,"level":2},{"id":"6285890298925@s.whatsapp.net","xp":2518,"level":1},{"id":"6285779634250@s.whatsapp.net","xp":508,"level":1},{"id":"6289608322556@s.whatsapp.net","xp":2023,"level":1},{"id":"6289613022069@s.whatsapp.net","xp":1523,"level":1},{"id":"6283149909283@s.whatsapp.net","xp":1515,"level":1},{"id":"6289504652029@s.whatsapp.net","xp":6571,"level":2},{"id":"6283144926956@s.whatsapp.net","xp":1513,"level":1},{"id":"6288224548153@s.whatsapp.net","xp":2031,"level":1},{"id":"6289520052020@s.whatsapp.net","xp":503,"level":1},{"id":"6281275545040@s.whatsapp.net","xp":508,"level":1},{"id":"6289503740700@s.whatsapp.net","xp":508,"level":1},{"id":"6282118484363@s.whatsapp.net","xp":1009,"level":1},{"id":"6282192226854@s.whatsapp.net","xp":2020,"level":1},{"id":"62881036465576@s.whatsapp.net","xp":502,"level":1},{"id":"6285710798540@s.whatsapp.net","xp":6575,"level":2},{"id":"6281558016717@s.whatsapp.net","xp":507,"level":1},{"id":"6289666892929@s.whatsapp.net","xp":508,"level":1},{"id":"6281257276243@s.whatsapp.net","xp":507,"level":1},{"id":"6281325269047@s.whatsapp.net","xp":508,"level":1},{"id":"62895395342125@s.whatsapp.net","xp":9596,"level":2},{"id":"6289629117792@s.whatsapp.net","xp":27252,"level":3},{"id":"6282195807649@s.whatsapp.net","xp":508,"level":1},{"id":"6285806476502@s.whatsapp.net","xp":1012,"level":1},{"id":"6285263914780@s.whatsapp.net","xp":18670,"level":3},{"id":"6282252286030@s.whatsapp.net","xp":2538,"level":1},{"id":"6289698129024@s.whatsapp.net","xp":1517,"level":1},{"id":"62895395091415@s.whatsapp.net","xp":506,"level":1},{"id":"6289678437157@s.whatsapp.net","xp":33814,"level":3},{"id":"6281901961537@s.whatsapp.net","xp":28765,"level":3},{"id":"6285839347826@s.whatsapp.net","xp":502,"level":1},{"id":"6285342977751@s.whatsapp.net","xp":3538,"level":1},{"id":"6285781028060@s.whatsapp.net","xp":4549,"level":1},{"id":"6287738181952@s.whatsapp.net","xp":1516,"level":1},{"id":"6282273523438@s.whatsapp.net","xp":501,"level":1},{"id":"6289676800495@s.whatsapp.net","xp":1006,"level":1},{"id":"6282394605156@s.whatsapp.net","xp":1014,"level":1},{"id":"6282283456523@s.whatsapp.net","xp":41830,"level":4},{"id":"6283873403884@s.whatsapp.net","xp":510,"level":1},{"id":"6285259622026@s.whatsapp.net","xp":7288,"level":2},{"id":"6289502842758@s.whatsapp.net","xp":1012,"level":1},{"id":"6287888707011@s.whatsapp.net","xp":510,"level":1},{"id":"6281632138901@s.whatsapp.net","xp":58576,"level":4},{"id":"628986173372@s.whatsapp.net","xp":1011,"level":1},{"id":"6289608679732@s.whatsapp.net","xp":25764,"level":3},{"id":"6285921727213@s.whatsapp.net","xp":502,"level":1},{"id":"6283171212723@s.whatsapp.net","xp":6042,"level":2},{"id":"6282172063298@s.whatsapp.net","xp":13103,"level":2},{"id":"6281293523757@s.whatsapp.net","xp":507,"level":1},{"id":"6287749551783@s.whatsapp.net","xp":510,"level":1},{"id":"6281947954980@s.whatsapp.net","xp":1008,"level":1},{"id":"6287720646259@s.whatsapp.net","xp":36866,"level":4},{"id":"6282252922249@s.whatsapp.net","xp":510,"level":1},{"id":"6282339785168@s.whatsapp.net","xp":48401,"level":4},{"id":"601136430494@s.whatsapp.net","xp":6559,"level":2},{"id":"6283805886663@s.whatsapp.net","xp":2025,"level":1},{"id":"6281901968466@s.whatsapp.net","xp":1616,"level":1},{"id":"6285523781140@s.whatsapp.net","xp":8093,"level":2},{"id":"6285810462881@s.whatsapp.net","xp":510,"level":1},{"id":"6288247510068@s.whatsapp.net","xp":1501,"level":1},{"id":"6285651098691@s.whatsapp.net","xp":504,"level":1},{"id":"601124221815@s.whatsapp.net","xp":509,"level":1},{"id":"6285838859033@s.whatsapp.net","xp":1512,"level":1},{"id":"6282116190792@s.whatsapp.net","xp":504,"level":1},{"id":"6285793432434@s.whatsapp.net","xp":24530,"level":3},{"id":"6283186105954@s.whatsapp.net","xp":507,"level":1},{"id":"62895414533737@s.whatsapp.net","xp":7083,"level":2},{"id":"6285705198802@s.whatsapp.net","xp":1412,"level":1},{"id":"6285157226383@s.whatsapp.net","xp":4539,"level":1},{"id":"6285641570821@s.whatsapp.net","xp":7376,"level":2},{"id":"628884129594@s.whatsapp.net","xp":2517,"level":1},{"id":"6285805936349@s.whatsapp.net","xp":502,"level":1},{"id":"15126490397@s.whatsapp.net","xp":2538,"level":1},{"id":"6283191013191@s.whatsapp.net","xp":3024,"level":1},{"id":"6285714530468@s.whatsapp.net","xp":2741,"level":1},{"id":"6285155374146@s.whatsapp.net","xp":3065,"level":1},{"id":"6282387711916@s.whatsapp.net","xp":4251,"level":1},{"id":"6283122266455@s.whatsapp.net","xp":308,"level":1},{"id":"6281290487285@s.whatsapp.net","xp":302,"level":1},{"id":"6282271106050@s.whatsapp.net","xp":303,"level":1},{"id":"62878822565810@s.whatsapp.net","xp":11264,"level":2},{"id":"6282346903971@s.whatsapp.net","xp":2143,"level":1},{"id":"6282147278662@s.whatsapp.net","xp":16757,"level":3},{"id":"6288708038034@s.whatsapp.net","xp":919,"level":1},{"id":"6285238576254@s.whatsapp.net","xp":2742,"level":1},{"id":"6283101895956@s.whatsapp.net","xp":305,"level":1},{"id":"6285709906356@s.whatsapp.net","xp":614,"level":1},{"id":"62895800467869@s.whatsapp.net","xp":305,"level":1},{"id":"6287899704530@s.whatsapp.net","xp":4266,"level":1},{"id":"6281818145764@s.whatsapp.net","xp":4893,"level":1},{"id":"6282324860178@s.whatsapp.net","xp":2444,"level":1},{"id":"6289528036110@s.whatsapp.net","xp":1521,"level":1},{"id":"6282116793460@s.whatsapp.net","xp":17667,"level":3},{"id":"6285692538042@s.whatsapp.net","xp":305,"level":1},{"id":"6282134900553@s.whatsapp.net","xp":1219,"level":1},{"id":"6282244000401@s.whatsapp.net","xp":307,"level":1},{"id":"6285642654160@s.whatsapp.net","xp":1215,"level":1},{"id":"6283897748188@s.whatsapp.net","xp":2739,"level":1},{"id":"6282392166099@s.whatsapp.net","xp":2435,"level":1},{"id":"628873735519@s.whatsapp.net","xp":607,"level":1},{"id":"6289696368960@s.whatsapp.net","xp":612,"level":1},{"id":"6282280131271@s.whatsapp.net","xp":609,"level":1},{"id":"6287857069212@s.whatsapp.net","xp":617,"level":1},{"id":"6285876154630@s.whatsapp.net","xp":3048,"level":1},{"id":"6289530834523@s.whatsapp.net","xp":304,"level":1},{"id":"6281353297672@s.whatsapp.net","xp":1215,"level":1},{"id":"6281910239204@s.whatsapp.net","xp":4255,"level":1},{"id":"6288216046235@s.whatsapp.net","xp":1510,"level":1},{"id":"62895622957611@s.whatsapp.net","xp":3333,"level":1},{"id":"6285647282417@s.whatsapp.net","xp":1818,"level":1},{"id":"6283150534902@s.whatsapp.net","xp":3021,"level":1},{"jid":"6281910239204@s.whatsapp.net","xp":5730,"level":2},{"jid":"6289689134424@s.whatsapp.net","xp":17606,"level":3},{"jid":"6287845283218@s.whatsapp.net","xp":8553,"level":2},{"jid":"628115700045@s.whatsapp.net","xp":210,"level":1},{"jid":"6289693744690@s.whatsapp.net","xp":20468,"level":3},{"jid":"6281253386218@s.whatsapp.net","xp":12035,"level":3},{"jid":"6283150534902@s.whatsapp.net","xp":26401,"level":4},{"jid":"6283177756502@s.whatsapp.net","xp":411,"level":1},{"jid":"6287769120509@s.whatsapp.net","xp":4092,"level":2},{"jid":"6285259622026@s.whatsapp.net","xp":405,"level":1},{"jid":"628974816445@s.whatsapp.net","xp":10840,"level":3},{"jid":"6285156894702@s.whatsapp.net","xp":2248,"level":1},{"jid":"6281292834748@s.whatsapp.net","xp":2861,"level":1},{"jid":"6285753424217@s.whatsapp.net","xp":14956,"level":3},{"jid":"6281999988530@s.whatsapp.net","xp":2045,"level":1},{"jid":"6281397767558@s.whatsapp.net","xp":201,"level":1},{"jid":"6281254638288@s.whatsapp.net","xp":202,"level":1},{"jid":"6281919178226@s.whatsapp.net","xp":1441,"level":1},{"jid":"6285210567460@s.whatsapp.net","xp":5537,"level":2},{"jid":"6285807107404@s.whatsapp.net","xp":209,"level":1},{"jid":"6287814691080@s.whatsapp.net","xp":1648,"level":1},{"jid":"6282278428637@s.whatsapp.net","xp":405,"level":1},{"jid":"6288228314629@s.whatsapp.net","xp":415,"level":1},{"jid":"6282147278662@s.whatsapp.net","xp":3699,"level":2},{"jid":"6289653807706@s.whatsapp.net","xp":203,"level":1},{"jid":"6281395908381@s.whatsapp.net","xp":6934,"level":2},{"jid":"6283176270113@s.whatsapp.net","xp":1833,"level":1},{"jid":"6282387711916@s.whatsapp.net","xp":408,"level":1},{"jid":"62895609722485@s.whatsapp.net","xp":820,"level":1},{"jid":"6281818145764@s.whatsapp.net","xp":9187,"level":3},{"jid":"6283152753417@s.whatsapp.net","xp":13704,"level":3},{"jid":"6285772977350@s.whatsapp.net","xp":405,"level":1},{"jid":"6285942270884@s.whatsapp.net","xp":1031,"level":1},{"jid":"6281901968466@s.whatsapp.net","xp":3087,"level":2},{"jid":"6283140367172@s.whatsapp.net","xp":608,"level":1},{"jid":"628979682775@s.whatsapp.net","xp":208,"level":1},{"jid":"6283804138387@s.whatsapp.net","xp":210,"level":1},{"jid":"6285259152463@s.whatsapp.net","xp":209,"level":1},{"jid":"6285337624383@s.whatsapp.net","xp":205,"level":1},{"jid":"6281313709181@s.whatsapp.net","xp":1630,"level":1},{"jid":"628882130761@s.whatsapp.net","xp":207,"level":1},{"jid":"628882286794@s.whatsapp.net","xp":405,"level":1},{"jid":"6282334297175@s.whatsapp.net","xp":822,"level":1},{"jid":"6282268427160@s.whatsapp.net","xp":405,"level":1},{"jid":"6283189984092@s.whatsapp.net","xp":13258,"level":3},{"jid":"6289649480997@s.whatsapp.net","xp":206,"level":1},{"jid":"6285869080563@s.whatsapp.net","xp":209,"level":1},{"jid":"6282292744714@s.whatsapp.net","xp":5512,"level":2},{"jid":"62895335785373@s.whatsapp.net","xp":13034,"level":3},{"jid":"6282349107743@s.whatsapp.net","xp":2865,"level":1},{"jid":"6285724866057@s.whatsapp.net","xp":816,"level":1},{"jid":"6282336446370@s.whatsapp.net","xp":2655,"level":1},{"jid":"6285339439047@s.whatsapp.net","xp":409,"level":1},{"jid":"6282285212781@s.whatsapp.net","xp":209,"level":1},{"jid":"6281915163215@s.whatsapp.net","xp":3478,"level":2},{"jid":"6285692717384@s.whatsapp.net","xp":204,"level":1},{"jid":"6282163780008@s.whatsapp.net","xp":6777,"level":2},{"jid":"6285730343064@s.whatsapp.net","xp":3892,"level":2},{"jid":"6282113064829@s.whatsapp.net","xp":824,"level":1},{"jid":"628986460841@s.whatsapp.net","xp":821,"level":1},{"jid":"62857303430648@s.whatsapp.net","xp":25943,"level":4},{"jid":"6285717026352@s.whatsapp.net","xp":3659,"level":2},{"jid":"6285782026550@s.whatsapp.net","xp":10192,"level":3},{"jid":"18485653174@s.whatsapp.net","xp":3275,"level":2},{"jid":"6289601053586@s.whatsapp.net","xp":205,"level":1},{"jid":"6281290264256@s.whatsapp.net","xp":2453,"level":1},{"jid":"18135960408@s.whatsapp.net","xp":828,"level":1},{"jid":"6285933822810@s.whatsapp.net","xp":204,"level":1},{"jid":"6281283463142@s.whatsapp.net","xp":1838,"level":1},{"jid":"6287755912444@s.whatsapp.net","xp":1232,"level":1},{"jid":"6281254679326@s.whatsapp.net","xp":27853,"level":4},{"jid":"6285812431018@s.whatsapp.net","xp":822,"level":1},{"jid":"62895322370653@s.whatsapp.net","xp":51131,"level":5},{"jid":"6287782427007@s.whatsapp.net","xp":415,"level":1},{"jid":"6285220816737@s.whatsapp.net","xp":1647,"level":1},{"jid":"6281292971490@s.whatsapp.net","xp":2254,"level":1},{"jid":"6283850948355@s.whatsapp.net","xp":5110,"level":2},{"jid":"6285893388099@s.whatsapp.net","xp":21434,"level":4},{"jid":"6287722207822@s.whatsapp.net","xp":2246,"level":1},{"jid":"60163978490@s.whatsapp.net","xp":1842,"level":1},{"jid":"6288261803413@s.whatsapp.net","xp":13947,"level":3},{"jid":"6281290014858@s.whatsapp.net","xp":201,"level":1},{"jid":"6285797722001@s.whatsapp.net","xp":1214,"level":1},{"jid":"6283150834080@s.whatsapp.net","xp":2036,"level":1},{"jid":"6289527064412@s.whatsapp.net","xp":817,"level":1},{"jid":"6283152488835@s.whatsapp.net","xp":612,"level":1},{"jid":"62887435427063@s.whatsapp.net","xp":405,"level":1},{"jid":"6282116504737@s.whatsapp.net","xp":203,"level":1},{"jid":"6285669111186@s.whatsapp.net","xp":1023,"level":1},{"jid":"6289504652029@s.whatsapp.net","xp":205,"level":1},{"jid":"6281649182855@s.whatsapp.net","xp":417,"level":1},{"jid":"6283151735939@s.whatsapp.net","xp":610,"level":1},{"jid":"60173250120@s.whatsapp.net","xp":412,"level":1},{"jid":"62895388492727@s.whatsapp.net","xp":210,"level":1},{"jid":"6283192330324@s.whatsapp.net","xp":22083,"level":4},{"jid":"6282111158980@s.whatsapp.net","xp":2247,"level":1},{"jid":"6287878773257@s.whatsapp.net","xp":3887,"level":2},{"jid":"6287888549379@s.whatsapp.net","xp":611,"level":1},{"jid":"6281249613600@s.whatsapp.net","xp":823,"level":1},{"jid":"6288245621406@s.whatsapp.net","xp":619,"level":1},{"jid":"6287819962953@s.whatsapp.net","xp":6123,"level":2},{"jid":"6282151078558@s.whatsapp.net","xp":11227,"level":3},{"jid":"62895807861234@s.whatsapp.net","xp":4910,"level":2},{"jid":"6285795702438@s.whatsapp.net","xp":1231,"level":1},{"jid":"6282223995286@s.whatsapp.net","xp":202,"level":1},{"jid":"6282283456523@s.whatsapp.net","xp":205,"level":1},{"jid":"6289677517538@s.whatsapp.net","xp":414,"level":1},{"jid":"6285214974011@s.whatsapp.net","xp":4077,"level":2},{"jid":"6289608828030@s.whatsapp.net","xp":25168,"level":4},{"jid":"6289654814567@s.whatsapp.net","xp":205,"level":1},{"jid":"6289670430516@s.whatsapp.net","xp":3267,"level":2},{"jid":"6285751840489@s.whatsapp.net","xp":2235,"level":1},{"jid":"6282365882179@s.whatsapp.net","xp":402,"level":1},{"jid":"6285234701415@s.whatsapp.net","xp":208,"level":1},{"jid":"6282136077702@s.whatsapp.net","xp":1637,"level":1},{"jid":"6281934473119@s.whatsapp.net","xp":2465,"level":1},{"jid":"6281348051836@s.whatsapp.net","xp":201,"level":1},{"jid":"62895382331666@s.whatsapp.net","xp":821,"level":1},{"jid":"6289608679732@s.whatsapp.net","xp":208,"level":1},{"jid":"16572087338@s.whatsapp.net","xp":201,"level":1},{"jid":"6285714945519@s.whatsapp.net","xp":412,"level":1},{"jid":"6288213490423@s.whatsapp.net","xp":6347,"level":2},{"jid":"212772828529@s.whatsapp.net","xp":3259,"level":2},{"jid":"6288267071806@s.whatsapp.net","xp":1632,"level":1},{"jid":"6282284803349@s.whatsapp.net","xp":821,"level":1},{"jid":"6289525548185@s.whatsapp.net","xp":6747,"level":2},{"jid":"6285695461206@s.whatsapp.net","xp":13054,"level":3},{"jid":"6287783249480@s.whatsapp.net","xp":9383,"level":3},{"jid":"6285733147987@s.whatsapp.net","xp":6554,"level":2},{"jid":"6281549219771@s.whatsapp.net","xp":7577,"level":2},{"jid":"6288291753722@s.whatsapp.net","xp":6550,"level":2},{"jid":"6282187141052@s.whatsapp.net","xp":8998,"level":2},{"jid":"62895395219774@s.whatsapp.net","xp":4097,"level":2},{"jid":"628875236430@s.whatsapp.net","xp":1224,"level":1},{"jid":"6285893462099@s.whatsapp.net","xp":820,"level":1},{"jid":"6287873915868@s.whatsapp.net","xp":210,"level":1},{"jid":"6281221064102@s.whatsapp.net","xp":2258,"level":1},{"jid":"6283194416731@s.whatsapp.net","xp":409,"level":1},{"jid":"6281351231081@s.whatsapp.net","xp":8221,"level":2},{"jid":"6285793753973@s.whatsapp.net","xp":9813,"level":3},{"jid":"6289616018885@s.whatsapp.net","xp":1441,"level":1},{"jid":"6281284990052@s.whatsapp.net","xp":2854,"level":1},{"jid":"6281291331274@s.whatsapp.net","xp":1018,"level":1},{"jid":"6285884208127@s.whatsapp.net","xp":1029,"level":1},{"jid":"6282134765246@s.whatsapp.net","xp":625,"level":1},{"jid":"62895618772686@s.whatsapp.net","xp":614,"level":1},{"jid":"628817044373@s.whatsapp.net","xp":202,"level":1},{"jid":"6285706394366@s.whatsapp.net","xp":7387,"level":2},{"jid":"6285765099381@s.whatsapp.net","xp":409,"level":1},{"jid":"6283833512906@s.whatsapp.net","xp":1213,"level":1},{"jid":"6282265419387@s.whatsapp.net","xp":1218,"level":1},{"jid":"6289530006441@s.whatsapp.net","xp":820,"level":1},{"jid":"6285348525589@s.whatsapp.net","xp":20857,"level":3},{"jid":"6282150596416@s.whatsapp.net","xp":4282,"level":2},{"jid":"6283129357548@s.whatsapp.net","xp":7580,"level":2},{"jid":"628872594011@s.whatsapp.net","xp":619,"level":1},{"jid":"6282116767284@s.whatsapp.net","xp":4297,"level":2},{"jid":"6285741780497@s.whatsapp.net","xp":622,"level":1},{"jid":"6281368235618@s.whatsapp.net","xp":613,"level":1},{"jid":"6289509019716@s.whatsapp.net","xp":209,"level":1},{"jid":"62895377004703@s.whatsapp.net","xp":2853,"level":1},{"jid":"6282142498540@s.whatsapp.net","xp":1027,"level":1},{"jid":"6281257312045@s.whatsapp.net","xp":409,"level":1},{"jid":"6282293934985@s.whatsapp.net","xp":207,"level":1},{"jid":"62895386002300@s.whatsapp.net","xp":607,"level":1},{"jid":"6282137750982@s.whatsapp.net","xp":806,"level":1},{"jid":"62895408493010@s.whatsapp.net","xp":203,"level":1},{"jid":"6285751238572@s.whatsapp.net","xp":408,"level":1},{"jid":"6285298181896@s.whatsapp.net","xp":210,"level":1},{"jid":"6281350145865@s.whatsapp.net","xp":206,"level":1},{"jid":"6282259181860@s.whatsapp.net","xp":414,"level":1},{"jid":"6281238979614@s.whatsapp.net","xp":205,"level":1},{"jid":"6282211177020@s.whatsapp.net","xp":18204,"level":3},{"jid":"6282251414841@s.whatsapp.net","xp":12866,"level":3},{"jid":"6289635745769@s.whatsapp.net","xp":626,"level":1},{"jid":"6287821505382@s.whatsapp.net","xp":1430,"level":1},{"jid":"6285156571797@s.whatsapp.net","xp":811,"level":1},{"jid":"6283102650464@s.whatsapp.net","xp":618,"level":1},{"jid":"6285747479082@s.whatsapp.net","xp":209,"level":1},{"jid":"62895600118535@s.whatsapp.net","xp":203,"level":1},{"jid":"6289655478810@s.whatsapp.net","xp":99999999999999999999939393939949499394994,"level":999999999999999999999999999999999999999999999},{"jid":"6281380358980@s.whatsapp.net","xp":4088,"level":2},{"jid":"6282232468840@s.whatsapp.net","xp":813,"level":1},{"jid":"6282197872318@s.whatsapp.net","xp":625,"level":1},{"jid":"6289635565781@s.whatsapp.net","xp":830,"level":1},{"jid":"6285283737791@s.whatsapp.net","xp":3079,"level":2},{"jid":"6285156456036@s.whatsapp.net","xp":26386,"level":4},{"jid":"6285228507823@s.whatsapp.net","xp":614,"level":1},{"jid":"6287886932070@s.whatsapp.net","xp":7115,"level":2},{"jid":"6289632583270@s.whatsapp.net","xp":2066,"level":1},{"jid":"6281289659306@s.whatsapp.net","xp":29296,"level":4},{"jid":"6289501629753@s.whatsapp.net","xp":206,"level":1},{"jid":"62895617056310@s.whatsapp.net","xp":824,"level":1},{"jid":"6287854955390@s.whatsapp.net","xp":4517,"level":2},{"jid":"6285647876225@s.whatsapp.net","xp":2055,"level":1},{"jid":"6285792576078@s.whatsapp.net","xp":8377,"level":2},{"jid":"6281359054989@s.whatsapp.net","xp":202,"level":1},{"jid":"60167822407@s.whatsapp.net","xp":620,"level":1},{"jid":"6282159147174@s.whatsapp.net","xp":410,"level":1},{"jid":"6289517384998@s.whatsapp.net","xp":205,"level":1},{"jid":"6282228018184@s.whatsapp.net","xp":205,"level":1},{"jid":"6283115162204@s.whatsapp.net","xp":22711,"level":4},{"jid":"6285237332161@s.whatsapp.net","xp":6764,"level":2},{"jid":"6285752192818@s.whatsapp.net","xp":15345,"level":3},{"jid":"6281282338244@s.whatsapp.net","xp":10426,"level":3},{"jid":"6282121594992@s.whatsapp.net","xp":24294,"level":4},{"jid":"6281342054849@s.whatsapp.net","xp":407,"level":1},{"jid":"6283844544686@s.whatsapp.net","xp":620,"level":1},{"jid":"6285711662524@s.whatsapp.net","xp":4300,"level":2},{"jid":"6281220564428@s.whatsapp.net","xp":203,"level":1},{"jid":"628812721801@s.whatsapp.net","xp":202,"level":1},{"jid":"6281344327073@s.whatsapp.net","xp":1433,"level":1},{"jid":"6283153037664@s.whatsapp.net","xp":201,"level":1},{"jid":"6283809644316@s.whatsapp.net","xp":210,"level":1},{"jid":"6285890059840@s.whatsapp.net","xp":822,"level":1},{"jid":"6282157649832@s.whatsapp.net","xp":206,"level":1},{"jid":"6281520972991@s.whatsapp.net","xp":1636,"level":1},{"jid":"6282230886610@s.whatsapp.net","xp":612,"level":1},{"jid":"6287712413307@s.whatsapp.net","xp":3066,"level":2},{"jid":"6285212205951@s.whatsapp.net","xp":616,"level":1},{"jid":"6287750930233@s.whatsapp.net","xp":619,"level":1},{"jid":"6288742515435@s.whatsapp.net","xp":203,"level":1},{"jid":"6285879050144@s.whatsapp.net","xp":202,"level":1},{"jid":"6283899506424@s.whatsapp.net","xp":4907,"level":2},{"jid":"6287736702685@s.whatsapp.net","xp":209,"level":1},{"jid":"14155285587@s.whatsapp.net","xp":407,"level":1},{"jid":"6282281820337@s.whatsapp.net","xp":1226,"level":1},{"jid":"6287708325011@s.whatsapp.net","xp":1024,"level":1},{"jid":"62895806307389@s.whatsapp.net","xp":617,"level":1},{"jid":"6282167135792@s.whatsapp.net","xp":403,"level":1},{"jid":"6282281820334@s.whatsapp.net","xp":206,"level":1},{"jid":"6285770269605@s.whatsapp.net","xp":209,"level":1},{"jid":"6282265118646@s.whatsapp.net","xp":807,"level":1},{"jid":"601126027509@s.whatsapp.net","xp":412,"level":1},{"jid":"6281391355894@s.whatsapp.net","xp":408,"level":1},{"jid":"6285270949997@s.whatsapp.net","xp":408,"level":1}]