[{"id":"62895322370653@s.whatsapp.net","limit":-221421},{"id":"6289655478810@s.whatsapp.net","limit":-1e+60},{"id":"62895807861234@s.whatsapp.net","limit":-102},{"id":"6282223995286@s.whatsapp.net","limit":1},{"id":"6281915163215@s.whatsapp.net","limit":-11},{"id":"6285795702438@s.whatsapp.net","limit":-1},{"id":"6288297491925@s.whatsapp.net","limit":5},{"id":"6287878773257@s.whatsapp.net","limit":14},{"id":"6287701046880@s.whatsapp.net","limit":5},{"id":"6281351231081@s.whatsapp.net","limit":5},{"id":"6283189984092@s.whatsapp.net","limit":-90009922},{"id":"6289617742046@s.whatsapp.net","limit":5},{"id":"6281770586207@s.whatsapp.net","limit":2},{"id":"6281290264256@s.whatsapp.net","limit":7},{"id":"6285214974011@s.whatsapp.net","limit":-204},{"id":"6289608828030@s.whatsapp.net","limit":15},{"id":"6289670430516@s.whatsapp.net","limit":3},{"id":"6282136077702@s.whatsapp.net","limit":2},{"id":"6282365882179@s.whatsapp.net","limit":1},{"id":"6281934473119@s.whatsapp.net","limit":-47},{"id":"6285348525589@s.whatsapp.net","limit":20},{"id":"6281254679326@s.whatsapp.net","limit":-1049985},{"id":"62895636743242@s.whatsapp.net","limit":1},{"id":"6281549219771@s.whatsapp.net","limit":-988},{"id":"60163978490@s.whatsapp.net","limit":-92},{"id":"6285751238572@s.whatsapp.net","limit":2},{"id":"6285752192818@s.whatsapp.net","limit":-572},{"id":"6289616018885@s.whatsapp.net","limit":4},{"id":"6285893388099@s.whatsapp.net","limit":-19087},{"id":"6281239310519@s.whatsapp.net","limit":1},{"id":"6287892446620@s.whatsapp.net","limit":8},{"id":"6289674053849@s.whatsapp.net","limit":2},{"id":"628886602463@s.whatsapp.net","limit":1},{"id":"6283149656517@s.whatsapp.net","limit":-5000498},{"id":"6281292971490@s.whatsapp.net","limit":5},{"id":"6287722207822@s.whatsapp.net","limit":1},{"id":"6285695461206@s.whatsapp.net","limit":-3995},{"id":"6285338694340@s.whatsapp.net","limit":2},{"id":"62895617348000@s.whatsapp.net","limit":6},{"id":"6283192330324@s.whatsapp.net","limit":-2449845},{"id":"6281284990052@s.whatsapp.net","limit":-195},{"id":"6281291331274@s.whatsapp.net","limit":1},{"id":"6285706394366@s.whatsapp.net","limit":5},{"id":"6288261803413@s.whatsapp.net","limit":-136},{"id":"6282142498540@s.whatsapp.net","limit":2},{"id":"6289635745769@s.whatsapp.net","limit":1},{"id":"6285758409718@s.whatsapp.net","limit":1},{"id":"6281918934451@s.whatsapp.net","limit":7},{"id":"6281291656157@s.whatsapp.net","limit":1},{"id":"6285724866057@s.whatsapp.net","limit":3},{"id":"6287712413307@s.whatsapp.net","limit":-12296},{"id":"6282230824787@s.whatsapp.net","limit":2},{"id":"6283150834080@s.whatsapp.net","limit":1},{"id":"62895421854398@s.whatsapp.net","limit":1},{"id":"6282142949818@s.whatsapp.net","limit":5},{"id":"6287886932070@s.whatsapp.net","limit":18},{"id":"6288245621406@s.whatsapp.net","limit":1},{"id":"6287776308173@s.whatsapp.net","limit":1},{"id":"6289689134424@s.whatsapp.net","limit":2},{"id":"6289693744690@s.whatsapp.net","limit":1},{"id":"6281253386218@s.whatsapp.net","limit":4},{"id":"6287845283218@s.whatsapp.net","limit":1},{"id":"6281380358980@s.whatsapp.net","limit":18},{"id":"62895412453434@s.whatsapp.net","limit":2},{"id":"6282230886610@s.whatsapp.net","limit":11},{"id":"6283115162204@s.whatsapp.net","limit":35},{"id":"6285283737791@s.whatsapp.net","limit":57},{"id":"6285228507823@s.whatsapp.net","limit":6},{"id":"6285792576078@s.whatsapp.net","limit":38},{"id":"6281282338244@s.whatsapp.net","limit":1},{"id":"6282158080722@s.whatsapp.net","limit":1},{"id":"6285282587977@s.whatsapp.net","limit":1},{"id":"6282114132997@s.whatsapp.net","limit":1},{"id":"6282334297175@s.whatsapp.net","limit":2},{"id":"6287720646259@s.whatsapp.net","limit":1},{"id":"6289677517538@s.whatsapp.net","limit":1}]